solid scg-commit-galaxy
facet normal 0 0 1
outer loop
vertex 562 0 0
vertex 553 98 0
vertex 528 192 0
endloop
endfacet
facet normal 0 0 1
outer loop
vertex 562 0 0
vertex 528 192 0
vertex 486 281 0
endloop
endfacet
facet normal 0 0 1
outer loop
vertex 562 0 0
vertex 486 281 0
vertex 430 361 0
endloop
endfacet
facet normal 0 0 1
outer loop
vertex 562 0 0
vertex 430 361 0
vertex 361 430 0
endloop
endfacet
facet normal 0 0 1
outer loop
vertex 562 0 0
vertex 361 430 0
vertex 281 486 0
endloop
endfacet
facet normal 0 0 1
outer loop
vertex 562 0 0
vertex 281 486 0
vertex 192 528 0
endloop
endfacet
facet normal 0 0 1
outer loop
vertex 562 0 0
vertex 192 528 0
vertex 98 553 0
endloop
endfacet
facet normal 0 0 1
outer loop
vertex 562 0 0
vertex 98 553 0
vertex 0 562 0
endloop
endfacet
facet normal 0 0 1
outer loop
vertex 562 0 0
vertex 0 562 0
vertex -98 553 0
endloop
endfacet
facet normal 0 0 1
outer loop
vertex 562 0 0
vertex -98 553 0
vertex -192 528 0
endloop
endfacet
facet normal 0 0 1
outer loop
vertex 562 0 0
vertex -192 528 0
vertex -281 486 0
endloop
endfacet
facet normal 0 0 1
outer loop
vertex 562 0 0
vertex -281 486 0
vertex -361 430 0
endloop
endfacet
facet normal 0 0 1
outer loop
vertex 562 0 0
vertex -361 430 0
vertex -430 361 0
endloop
endfacet
facet normal 0 0 1
outer loop
vertex 562 0 0
vertex -430 361 0
vertex -486 281 0
endloop
endfacet
facet normal 0 0 1
outer loop
vertex 562 0 0
vertex -486 281 0
vertex -528 192 0
endloop
endfacet
facet normal 0 0 1
outer loop
vertex 562 0 0
vertex -528 192 0
vertex -553 98 0
endloop
endfacet
facet normal 0 0 1
outer loop
vertex 562 0 0
vertex -553 98 0
vertex -562 0 0
endloop
endfacet
facet normal 0 0 1
outer loop
vertex 562 0 0
vertex -562 0 0
vertex -553 -98 0
endloop
endfacet
facet normal 0 0 1
outer loop
vertex 562 0 0
vertex -553 -98 0
vertex -528 -192 0
endloop
endfacet
facet normal 0 0 1
outer loop
vertex 562 0 0
vertex -528 -192 0
vertex -486 -281 0
endloop
endfacet
facet normal 0 0 1
outer loop
vertex 562 0 0
vertex -486 -281 0
vertex -430 -361 0
endloop
endfacet
facet normal 0 0 1
outer loop
vertex 562 0 0
vertex -430 -361 0
vertex -361 -430 0
endloop
endfacet
facet normal 0 0 1
outer loop
vertex 562 0 0
vertex -361 -430 0
vertex -281 -486 0
endloop
endfacet
facet normal 0 0 1
outer loop
vertex 562 0 0
vertex -281 -486 0
vertex -192 -528 0
endloop
endfacet
facet normal 0 0 1
outer loop
vertex 562 0 0
vertex -192 -528 0
vertex -98 -553 0
endloop
endfacet
facet normal 0 0 1
outer loop
vertex 562 0 0
vertex -98 -553 0
vertex 0 -562 0
endloop
endfacet
facet normal 0 0 1
outer loop
vertex 562 0 0
vertex 0 -562 0
vertex 98 -553 0
endloop
endfacet
facet normal 0 0 1
outer loop
vertex 562 0 0
vertex 98 -553 0
vertex 192 -528 0
endloop
endfacet
facet normal 0 0 1
outer loop
vertex 562 0 0
vertex 192 -528 0
vertex 281 -486 0
endloop
endfacet
facet normal 0 0 1
outer loop
vertex 562 0 0
vertex 281 -486 0
vertex 361 -430 0
endloop
endfacet
facet normal 0 0 1
outer loop
vertex 562 0 0
vertex 361 -430 0
vertex 430 -361 0
endloop
endfacet
facet normal 0 0 1
outer loop
vertex 562 0 0
vertex 430 -361 0
vertex 486 -281 0
endloop
endfacet
facet normal 0 0 1
outer loop
vertex 562 0 0
vertex 486 -281 0
vertex 528 -192 0
endloop
endfacet
facet normal 0 0 1
outer loop
vertex 562 0 0
vertex 528 -192 0
vertex 553 -98 0
endloop
endfacet
facet normal 0 0 -1
outer loop
vertex 562 0 -14
vertex 528 192 -14
vertex 553 98 -14
endloop
endfacet
facet normal 0 0 -1
outer loop
vertex 562 0 -14
vertex 486 281 -14
vertex 528 192 -14
endloop
endfacet
facet normal 0 0 -1
outer loop
vertex 562 0 -14
vertex 430 361 -14
vertex 486 281 -14
endloop
endfacet
facet normal 0 0 -1
outer loop
vertex 562 0 -14
vertex 361 430 -14
vertex 430 361 -14
endloop
endfacet
facet normal 0 0 -1
outer loop
vertex 562 0 -14
vertex 281 486 -14
vertex 361 430 -14
endloop
endfacet
facet normal 0 0 -1
outer loop
vertex 562 0 -14
vertex 192 528 -14
vertex 281 486 -14
endloop
endfacet
facet normal 0 0 -1
outer loop
vertex 562 0 -14
vertex 98 553 -14
vertex 192 528 -14
endloop
endfacet
facet normal 0 0 -1
outer loop
vertex 562 0 -14
vertex 0 562 -14
vertex 98 553 -14
endloop
endfacet
facet normal 0 0 -1
outer loop
vertex 562 0 -14
vertex -98 553 -14
vertex 0 562 -14
endloop
endfacet
facet normal 0 0 -1
outer loop
vertex 562 0 -14
vertex -192 528 -14
vertex -98 553 -14
endloop
endfacet
facet normal 0 0 -1
outer loop
vertex 562 0 -14
vertex -281 486 -14
vertex -192 528 -14
endloop
endfacet
facet normal 0 0 -1
outer loop
vertex 562 0 -14
vertex -361 430 -14
vertex -281 486 -14
endloop
endfacet
facet normal 0 0 -1
outer loop
vertex 562 0 -14
vertex -430 361 -14
vertex -361 430 -14
endloop
endfacet
facet normal 0 0 -1
outer loop
vertex 562 0 -14
vertex -486 281 -14
vertex -430 361 -14
endloop
endfacet
facet normal 0 0 -1
outer loop
vertex 562 0 -14
vertex -528 192 -14
vertex -486 281 -14
endloop
endfacet
facet normal 0 0 -1
outer loop
vertex 562 0 -14
vertex -553 98 -14
vertex -528 192 -14
endloop
endfacet
facet normal 0 0 -1
outer loop
vertex 562 0 -14
vertex -562 0 -14
vertex -553 98 -14
endloop
endfacet
facet normal 0 0 -1
outer loop
vertex 562 0 -14
vertex -553 -98 -14
vertex -562 0 -14
endloop
endfacet
facet normal 0 0 -1
outer loop
vertex 562 0 -14
vertex -528 -192 -14
vertex -553 -98 -14
endloop
endfacet
facet normal 0 0 -1
outer loop
vertex 562 0 -14
vertex -486 -281 -14
vertex -528 -192 -14
endloop
endfacet
facet normal 0 0 -1
outer loop
vertex 562 0 -14
vertex -430 -361 -14
vertex -486 -281 -14
endloop
endfacet
facet normal 0 0 -1
outer loop
vertex 562 0 -14
vertex -361 -430 -14
vertex -430 -361 -14
endloop
endfacet
facet normal 0 0 -1
outer loop
vertex 562 0 -14
vertex -281 -486 -14
vertex -361 -430 -14
endloop
endfacet
facet normal 0 0 -1
outer loop
vertex 562 0 -14
vertex -192 -528 -14
vertex -281 -486 -14
endloop
endfacet
facet normal 0 0 -1
outer loop
vertex 562 0 -14
vertex -98 -553 -14
vertex -192 -528 -14
endloop
endfacet
facet normal 0 0 -1
outer loop
vertex 562 0 -14
vertex 0 -562 -14
vertex -98 -553 -14
endloop
endfacet
facet normal 0 0 -1
outer loop
vertex 562 0 -14
vertex 98 -553 -14
vertex 0 -562 -14
endloop
endfacet
facet normal 0 0 -1
outer loop
vertex 562 0 -14
vertex 192 -528 -14
vertex 98 -553 -14
endloop
endfacet
facet normal 0 0 -1
outer loop
vertex 562 0 -14
vertex 281 -486 -14
vertex 192 -528 -14
endloop
endfacet
facet normal 0 0 -1
outer loop
vertex 562 0 -14
vertex 361 -430 -14
vertex 281 -486 -14
endloop
endfacet
facet normal 0 0 -1
outer loop
vertex 562 0 -14
vertex 430 -361 -14
vertex 361 -430 -14
endloop
endfacet
facet normal 0 0 -1
outer loop
vertex 562 0 -14
vertex 486 -281 -14
vertex 430 -361 -14
endloop
endfacet
facet normal 0 0 -1
outer loop
vertex 562 0 -14
vertex 528 -192 -14
vertex 486 -281 -14
endloop
endfacet
facet normal 0 0 -1
outer loop
vertex 562 0 -14
vertex 553 -98 -14
vertex 528 -192 -14
endloop
endfacet
facet normal 1 0.09 0
outer loop
vertex 562 0 -14
vertex 553 98 -14
vertex 553 98 0
endloop
endfacet
facet normal 1 0.09 0
outer loop
vertex 562 0 -14
vertex 553 98 0
vertex 562 0 0
endloop
endfacet
facet normal 0.97 0.26 0
outer loop
vertex 553 98 -14
vertex 528 192 -14
vertex 528 192 0
endloop
endfacet
facet normal 0.97 0.26 0
outer loop
vertex 553 98 -14
vertex 528 192 0
vertex 553 98 0
endloop
endfacet
facet normal 0.91 0.42 0
outer loop
vertex 528 192 -14
vertex 486 281 -14
vertex 486 281 0
endloop
endfacet
facet normal 0.91 0.42 0
outer loop
vertex 528 192 -14
vertex 486 281 0
vertex 528 192 0
endloop
endfacet
facet normal 0.82 0.57 0
outer loop
vertex 486 281 -14
vertex 430 361 -14
vertex 430 361 0
endloop
endfacet
facet normal 0.82 0.57 0
outer loop
vertex 486 281 -14
vertex 430 361 0
vertex 486 281 0
endloop
endfacet
facet normal 0.71 0.71 0
outer loop
vertex 430 361 -14
vertex 361 430 -14
vertex 361 430 0
endloop
endfacet
facet normal 0.71 0.71 0
outer loop
vertex 430 361 -14
vertex 361 430 0
vertex 430 361 0
endloop
endfacet
facet normal 0.57 0.82 0
outer loop
vertex 361 430 -14
vertex 281 486 -14
vertex 281 486 0
endloop
endfacet
facet normal 0.57 0.82 0
outer loop
vertex 361 430 -14
vertex 281 486 0
vertex 361 430 0
endloop
endfacet
facet normal 0.42 0.91 0
outer loop
vertex 281 486 -14
vertex 192 528 -14
vertex 192 528 0
endloop
endfacet
facet normal 0.42 0.91 0
outer loop
vertex 281 486 -14
vertex 192 528 0
vertex 281 486 0
endloop
endfacet
facet normal 0.26 0.97 0
outer loop
vertex 192 528 -14
vertex 98 553 -14
vertex 98 553 0
endloop
endfacet
facet normal 0.26 0.97 0
outer loop
vertex 192 528 -14
vertex 98 553 0
vertex 192 528 0
endloop
endfacet
facet normal 0.09 1 0
outer loop
vertex 98 553 -14
vertex 0 562 -14
vertex 0 562 0
endloop
endfacet
facet normal 0.09 1 0
outer loop
vertex 98 553 -14
vertex 0 562 0
vertex 98 553 0
endloop
endfacet
facet normal -0.09 1 0
outer loop
vertex 0 562 -14
vertex -98 553 -14
vertex -98 553 0
endloop
endfacet
facet normal -0.09 1 0
outer loop
vertex 0 562 -14
vertex -98 553 0
vertex 0 562 0
endloop
endfacet
facet normal -0.26 0.97 0
outer loop
vertex -98 553 -14
vertex -192 528 -14
vertex -192 528 0
endloop
endfacet
facet normal -0.26 0.97 0
outer loop
vertex -98 553 -14
vertex -192 528 0
vertex -98 553 0
endloop
endfacet
facet normal -0.42 0.91 0
outer loop
vertex -192 528 -14
vertex -281 486 -14
vertex -281 486 0
endloop
endfacet
facet normal -0.42 0.91 0
outer loop
vertex -192 528 -14
vertex -281 486 0
vertex -192 528 0
endloop
endfacet
facet normal -0.57 0.82 0
outer loop
vertex -281 486 -14
vertex -361 430 -14
vertex -361 430 0
endloop
endfacet
facet normal -0.57 0.82 0
outer loop
vertex -281 486 -14
vertex -361 430 0
vertex -281 486 0
endloop
endfacet
facet normal -0.71 0.71 0
outer loop
vertex -361 430 -14
vertex -430 361 -14
vertex -430 361 0
endloop
endfacet
facet normal -0.71 0.71 0
outer loop
vertex -361 430 -14
vertex -430 361 0
vertex -361 430 0
endloop
endfacet
facet normal -0.82 0.57 0
outer loop
vertex -430 361 -14
vertex -486 281 -14
vertex -486 281 0
endloop
endfacet
facet normal -0.82 0.57 0
outer loop
vertex -430 361 -14
vertex -486 281 0
vertex -430 361 0
endloop
endfacet
facet normal -0.91 0.42 0
outer loop
vertex -486 281 -14
vertex -528 192 -14
vertex -528 192 0
endloop
endfacet
facet normal -0.91 0.42 0
outer loop
vertex -486 281 -14
vertex -528 192 0
vertex -486 281 0
endloop
endfacet
facet normal -0.97 0.26 0
outer loop
vertex -528 192 -14
vertex -553 98 -14
vertex -553 98 0
endloop
endfacet
facet normal -0.97 0.26 0
outer loop
vertex -528 192 -14
vertex -553 98 0
vertex -528 192 0
endloop
endfacet
facet normal -1 0.09 0
outer loop
vertex -553 98 -14
vertex -562 0 -14
vertex -562 0 0
endloop
endfacet
facet normal -1 0.09 0
outer loop
vertex -553 98 -14
vertex -562 0 0
vertex -553 98 0
endloop
endfacet
facet normal -1 -0.09 0
outer loop
vertex -562 0 -14
vertex -553 -98 -14
vertex -553 -98 0
endloop
endfacet
facet normal -1 -0.09 0
outer loop
vertex -562 0 -14
vertex -553 -98 0
vertex -562 0 0
endloop
endfacet
facet normal -0.97 -0.26 0
outer loop
vertex -553 -98 -14
vertex -528 -192 -14
vertex -528 -192 0
endloop
endfacet
facet normal -0.97 -0.26 0
outer loop
vertex -553 -98 -14
vertex -528 -192 0
vertex -553 -98 0
endloop
endfacet
facet normal -0.91 -0.42 0
outer loop
vertex -528 -192 -14
vertex -486 -281 -14
vertex -486 -281 0
endloop
endfacet
facet normal -0.91 -0.42 0
outer loop
vertex -528 -192 -14
vertex -486 -281 0
vertex -528 -192 0
endloop
endfacet
facet normal -0.82 -0.57 0
outer loop
vertex -486 -281 -14
vertex -430 -361 -14
vertex -430 -361 0
endloop
endfacet
facet normal -0.82 -0.57 0
outer loop
vertex -486 -281 -14
vertex -430 -361 0
vertex -486 -281 0
endloop
endfacet
facet normal -0.71 -0.71 0
outer loop
vertex -430 -361 -14
vertex -361 -430 -14
vertex -361 -430 0
endloop
endfacet
facet normal -0.71 -0.71 0
outer loop
vertex -430 -361 -14
vertex -361 -430 0
vertex -430 -361 0
endloop
endfacet
facet normal -0.57 -0.82 0
outer loop
vertex -361 -430 -14
vertex -281 -486 -14
vertex -281 -486 0
endloop
endfacet
facet normal -0.57 -0.82 0
outer loop
vertex -361 -430 -14
vertex -281 -486 0
vertex -361 -430 0
endloop
endfacet
facet normal -0.42 -0.91 0
outer loop
vertex -281 -486 -14
vertex -192 -528 -14
vertex -192 -528 0
endloop
endfacet
facet normal -0.42 -0.91 0
outer loop
vertex -281 -486 -14
vertex -192 -528 0
vertex -281 -486 0
endloop
endfacet
facet normal -0.26 -0.97 0
outer loop
vertex -192 -528 -14
vertex -98 -553 -14
vertex -98 -553 0
endloop
endfacet
facet normal -0.26 -0.97 0
outer loop
vertex -192 -528 -14
vertex -98 -553 0
vertex -192 -528 0
endloop
endfacet
facet normal -0.09 -1 0
outer loop
vertex -98 -553 -14
vertex 0 -562 -14
vertex 0 -562 0
endloop
endfacet
facet normal -0.09 -1 0
outer loop
vertex -98 -553 -14
vertex 0 -562 0
vertex -98 -553 0
endloop
endfacet
facet normal 0.09 -1 0
outer loop
vertex 0 -562 -14
vertex 98 -553 -14
vertex 98 -553 0
endloop
endfacet
facet normal 0.09 -1 0
outer loop
vertex 0 -562 -14
vertex 98 -553 0
vertex 0 -562 0
endloop
endfacet
facet normal 0.26 -0.97 0
outer loop
vertex 98 -553 -14
vertex 192 -528 -14
vertex 192 -528 0
endloop
endfacet
facet normal 0.26 -0.97 0
outer loop
vertex 98 -553 -14
vertex 192 -528 0
vertex 98 -553 0
endloop
endfacet
facet normal 0.42 -0.91 0
outer loop
vertex 192 -528 -14
vertex 281 -486 -14
vertex 281 -486 0
endloop
endfacet
facet normal 0.42 -0.91 0
outer loop
vertex 192 -528 -14
vertex 281 -486 0
vertex 192 -528 0
endloop
endfacet
facet normal 0.57 -0.82 0
outer loop
vertex 281 -486 -14
vertex 361 -430 -14
vertex 361 -430 0
endloop
endfacet
facet normal 0.57 -0.82 0
outer loop
vertex 281 -486 -14
vertex 361 -430 0
vertex 281 -486 0
endloop
endfacet
facet normal 0.71 -0.71 0
outer loop
vertex 361 -430 -14
vertex 430 -361 -14
vertex 430 -361 0
endloop
endfacet
facet normal 0.71 -0.71 0
outer loop
vertex 361 -430 -14
vertex 430 -361 0
vertex 361 -430 0
endloop
endfacet
facet normal 0.82 -0.57 0
outer loop
vertex 430 -361 -14
vertex 486 -281 -14
vertex 486 -281 0
endloop
endfacet
facet normal 0.82 -0.57 0
outer loop
vertex 430 -361 -14
vertex 486 -281 0
vertex 430 -361 0
endloop
endfacet
facet normal 0.91 -0.42 0
outer loop
vertex 486 -281 -14
vertex 528 -192 -14
vertex 528 -192 0
endloop
endfacet
facet normal 0.91 -0.42 0
outer loop
vertex 486 -281 -14
vertex 528 -192 0
vertex 486 -281 0
endloop
endfacet
facet normal 0.97 -0.26 0
outer loop
vertex 528 -192 -14
vertex 553 -98 -14
vertex 553 -98 0
endloop
endfacet
facet normal 0.97 -0.26 0
outer loop
vertex 528 -192 -14
vertex 553 -98 0
vertex 528 -192 0
endloop
endfacet
facet normal 1 -0.09 0
outer loop
vertex 553 -98 -14
vertex 562 0 -14
vertex 562 0 0
endloop
endfacet
facet normal 1 -0.09 0
outer loop
vertex 553 -98 -14
vertex 562 0 0
vertex 553 -98 0
endloop
endfacet
facet normal 0 0 1
outer loop
vertex 46 0 26
vertex 40 23 26
vertex 23 40 26
endloop
endfacet
facet normal 0 0 1
outer loop
vertex 46 0 26
vertex 23 40 26
vertex 0 46 26
endloop
endfacet
facet normal 0 0 1
outer loop
vertex 46 0 26
vertex 0 46 26
vertex -23 40 26
endloop
endfacet
facet normal 0 0 1
outer loop
vertex 46 0 26
vertex -23 40 26
vertex -40 23 26
endloop
endfacet
facet normal 0 0 1
outer loop
vertex 46 0 26
vertex -40 23 26
vertex -46 0 26
endloop
endfacet
facet normal 0 0 1
outer loop
vertex 46 0 26
vertex -46 0 26
vertex -40 -23 26
endloop
endfacet
facet normal 0 0 1
outer loop
vertex 46 0 26
vertex -40 -23 26
vertex -23 -40 26
endloop
endfacet
facet normal 0 0 1
outer loop
vertex 46 0 26
vertex -23 -40 26
vertex 0 -46 26
endloop
endfacet
facet normal 0 0 1
outer loop
vertex 46 0 26
vertex 0 -46 26
vertex 23 -40 26
endloop
endfacet
facet normal 0 0 1
outer loop
vertex 46 0 26
vertex 23 -40 26
vertex 40 -23 26
endloop
endfacet
facet normal 0.97 0.26 0
outer loop
vertex 46 0 0
vertex 40 23 0
vertex 40 23 26
endloop
endfacet
facet normal 0.97 0.26 0
outer loop
vertex 46 0 0
vertex 40 23 26
vertex 46 0 26
endloop
endfacet
facet normal 0.71 0.71 0
outer loop
vertex 40 23 0
vertex 23 40 0
vertex 23 40 26
endloop
endfacet
facet normal 0.71 0.71 0
outer loop
vertex 40 23 0
vertex 23 40 26
vertex 40 23 26
endloop
endfacet
facet normal 0.26 0.97 0
outer loop
vertex 23 40 0
vertex 0 46 0
vertex 0 46 26
endloop
endfacet
facet normal 0.26 0.97 0
outer loop
vertex 23 40 0
vertex 0 46 26
vertex 23 40 26
endloop
endfacet
facet normal -0.26 0.97 0
outer loop
vertex 0 46 0
vertex -23 40 0
vertex -23 40 26
endloop
endfacet
facet normal -0.26 0.97 0
outer loop
vertex 0 46 0
vertex -23 40 26
vertex 0 46 26
endloop
endfacet
facet normal -0.71 0.71 0
outer loop
vertex -23 40 0
vertex -40 23 0
vertex -40 23 26
endloop
endfacet
facet normal -0.71 0.71 0
outer loop
vertex -23 40 0
vertex -40 23 26
vertex -23 40 26
endloop
endfacet
facet normal -0.97 0.26 0
outer loop
vertex -40 23 0
vertex -46 0 0
vertex -46 0 26
endloop
endfacet
facet normal -0.97 0.26 0
outer loop
vertex -40 23 0
vertex -46 0 26
vertex -40 23 26
endloop
endfacet
facet normal -0.97 -0.26 0
outer loop
vertex -46 0 0
vertex -40 -23 0
vertex -40 -23 26
endloop
endfacet
facet normal -0.97 -0.26 0
outer loop
vertex -46 0 0
vertex -40 -23 26
vertex -46 0 26
endloop
endfacet
facet normal -0.71 -0.71 0
outer loop
vertex -40 -23 0
vertex -23 -40 0
vertex -23 -40 26
endloop
endfacet
facet normal -0.71 -0.71 0
outer loop
vertex -40 -23 0
vertex -23 -40 26
vertex -40 -23 26
endloop
endfacet
facet normal -0.26 -0.97 0
outer loop
vertex -23 -40 0
vertex 0 -46 0
vertex 0 -46 26
endloop
endfacet
facet normal -0.26 -0.97 0
outer loop
vertex -23 -40 0
vertex 0 -46 26
vertex -23 -40 26
endloop
endfacet
facet normal 0.26 -0.97 0
outer loop
vertex 0 -46 0
vertex 23 -40 0
vertex 23 -40 26
endloop
endfacet
facet normal 0.26 -0.97 0
outer loop
vertex 0 -46 0
vertex 23 -40 26
vertex 0 -46 26
endloop
endfacet
facet normal 0.71 -0.71 0
outer loop
vertex 23 -40 0
vertex 40 -23 0
vertex 40 -23 26
endloop
endfacet
facet normal 0.71 -0.71 0
outer loop
vertex 23 -40 0
vertex 40 -23 26
vertex 23 -40 26
endloop
endfacet
facet normal 0.97 -0.26 0
outer loop
vertex 40 -23 0
vertex 46 0 0
vertex 46 0 26
endloop
endfacet
facet normal 0.97 -0.26 0
outer loop
vertex 40 -23 0
vertex 46 0 26
vertex 40 -23 26
endloop
endfacet
facet normal 0 0 1
outer loop
vertex 29 8 64
vertex 21 21 64
vertex 8 29 64
endloop
endfacet
facet normal 0 0 1
outer loop
vertex 29 8 64
vertex 8 29 64
vertex -8 29 64
endloop
endfacet
facet normal 0 0 1
outer loop
vertex 29 8 64
vertex -8 29 64
vertex -21 21 64
endloop
endfacet
facet normal 0 0 1
outer loop
vertex 29 8 64
vertex -21 21 64
vertex -29 8 64
endloop
endfacet
facet normal 0 0 1
outer loop
vertex 29 8 64
vertex -29 8 64
vertex -29 -8 64
endloop
endfacet
facet normal 0 0 1
outer loop
vertex 29 8 64
vertex -29 -8 64
vertex -21 -21 64
endloop
endfacet
facet normal 0 0 1
outer loop
vertex 29 8 64
vertex -21 -21 64
vertex -8 -29 64
endloop
endfacet
facet normal 0 0 1
outer loop
vertex 29 8 64
vertex -8 -29 64
vertex 8 -29 64
endloop
endfacet
facet normal 0 0 1
outer loop
vertex 29 8 64
vertex 8 -29 64
vertex 21 -21 64
endloop
endfacet
facet normal 0 0 1
outer loop
vertex 29 8 64
vertex 21 -21 64
vertex 29 -8 64
endloop
endfacet
facet normal 0.87 0.5 0
outer loop
vertex 29 8 26
vertex 21 21 26
vertex 21 21 64
endloop
endfacet
facet normal 0.87 0.5 0
outer loop
vertex 29 8 26
vertex 21 21 64
vertex 29 8 64
endloop
endfacet
facet normal 0.5 0.87 0
outer loop
vertex 21 21 26
vertex 8 29 26
vertex 8 29 64
endloop
endfacet
facet normal 0.5 0.87 0
outer loop
vertex 21 21 26
vertex 8 29 64
vertex 21 21 64
endloop
endfacet
facet normal 0 1 0
outer loop
vertex 8 29 26
vertex -8 29 26
vertex -8 29 64
endloop
endfacet
facet normal 0 1 0
outer loop
vertex 8 29 26
vertex -8 29 64
vertex 8 29 64
endloop
endfacet
facet normal -0.5 0.87 0
outer loop
vertex -8 29 26
vertex -21 21 26
vertex -21 21 64
endloop
endfacet
facet normal -0.5 0.87 0
outer loop
vertex -8 29 26
vertex -21 21 64
vertex -8 29 64
endloop
endfacet
facet normal -0.87 0.5 0
outer loop
vertex -21 21 26
vertex -29 8 26
vertex -29 8 64
endloop
endfacet
facet normal -0.87 0.5 0
outer loop
vertex -21 21 26
vertex -29 8 64
vertex -21 21 64
endloop
endfacet
facet normal -1 0 0
outer loop
vertex -29 8 26
vertex -29 -8 26
vertex -29 -8 64
endloop
endfacet
facet normal -1 0 0
outer loop
vertex -29 8 26
vertex -29 -8 64
vertex -29 8 64
endloop
endfacet
facet normal -0.87 -0.5 0
outer loop
vertex -29 -8 26
vertex -21 -21 26
vertex -21 -21 64
endloop
endfacet
facet normal -0.87 -0.5 0
outer loop
vertex -29 -8 26
vertex -21 -21 64
vertex -29 -8 64
endloop
endfacet
facet normal -0.5 -0.87 0
outer loop
vertex -21 -21 26
vertex -8 -29 26
vertex -8 -29 64
endloop
endfacet
facet normal -0.5 -0.87 0
outer loop
vertex -21 -21 26
vertex -8 -29 64
vertex -21 -21 64
endloop
endfacet
facet normal 0 -1 0
outer loop
vertex -8 -29 26
vertex 8 -29 26
vertex 8 -29 64
endloop
endfacet
facet normal 0 -1 0
outer loop
vertex -8 -29 26
vertex 8 -29 64
vertex -8 -29 64
endloop
endfacet
facet normal 0.5 -0.87 0
outer loop
vertex 8 -29 26
vertex 21 -21 26
vertex 21 -21 64
endloop
endfacet
facet normal 0.5 -0.87 0
outer loop
vertex 8 -29 26
vertex 21 -21 64
vertex 8 -29 64
endloop
endfacet
facet normal 0.87 -0.5 0
outer loop
vertex 21 -21 26
vertex 29 -8 26
vertex 29 -8 64
endloop
endfacet
facet normal 0.87 -0.5 0
outer loop
vertex 21 -21 26
vertex 29 -8 64
vertex 21 -21 64
endloop
endfacet
facet normal 1 0 0
outer loop
vertex 29 -8 26
vertex 29 8 26
vertex 29 8 64
endloop
endfacet
facet normal 1 0 0
outer loop
vertex 29 -8 26
vertex 29 8 64
vertex 29 -8 64
endloop
endfacet
facet normal 0 0 1
outer loop
vertex 15 0 130
vertex 11 11 130
vertex 0 15 130
endloop
endfacet
facet normal 0 0 1
outer loop
vertex 15 0 130
vertex 0 15 130
vertex -11 11 130
endloop
endfacet
facet normal 0 0 1
outer loop
vertex 15 0 130
vertex -11 11 130
vertex -15 0 130
endloop
endfacet
facet normal 0 0 1
outer loop
vertex 15 0 130
vertex -15 0 130
vertex -11 -11 130
endloop
endfacet
facet normal 0 0 1
outer loop
vertex 15 0 130
vertex -11 -11 130
vertex 0 -15 130
endloop
endfacet
facet normal 0 0 1
outer loop
vertex 15 0 130
vertex 0 -15 130
vertex 11 -11 130
endloop
endfacet
facet normal 0.92 0.38 0
outer loop
vertex 15 0 64
vertex 11 11 64
vertex 11 11 130
endloop
endfacet
facet normal 0.92 0.38 0
outer loop
vertex 15 0 64
vertex 11 11 130
vertex 15 0 130
endloop
endfacet
facet normal 0.38 0.92 0
outer loop
vertex 11 11 64
vertex 0 15 64
vertex 0 15 130
endloop
endfacet
facet normal 0.38 0.92 0
outer loop
vertex 11 11 64
vertex 0 15 130
vertex 11 11 130
endloop
endfacet
facet normal -0.38 0.92 0
outer loop
vertex 0 15 64
vertex -11 11 64
vertex -11 11 130
endloop
endfacet
facet normal -0.38 0.92 0
outer loop
vertex 0 15 64
vertex -11 11 130
vertex 0 15 130
endloop
endfacet
facet normal -0.92 0.38 0
outer loop
vertex -11 11 64
vertex -15 0 64
vertex -15 0 130
endloop
endfacet
facet normal -0.92 0.38 0
outer loop
vertex -11 11 64
vertex -15 0 130
vertex -11 11 130
endloop
endfacet
facet normal -0.92 -0.38 0
outer loop
vertex -15 0 64
vertex -11 -11 64
vertex -11 -11 130
endloop
endfacet
facet normal -0.92 -0.38 0
outer loop
vertex -15 0 64
vertex -11 -11 130
vertex -15 0 130
endloop
endfacet
facet normal -0.38 -0.92 0
outer loop
vertex -11 -11 64
vertex 0 -15 64
vertex 0 -15 130
endloop
endfacet
facet normal -0.38 -0.92 0
outer loop
vertex -11 -11 64
vertex 0 -15 130
vertex -11 -11 130
endloop
endfacet
facet normal 0.38 -0.92 0
outer loop
vertex 0 -15 64
vertex 11 -11 64
vertex 11 -11 130
endloop
endfacet
facet normal 0.38 -0.92 0
outer loop
vertex 0 -15 64
vertex 11 -11 130
vertex 0 -15 130
endloop
endfacet
facet normal 0.92 -0.38 0
outer loop
vertex 11 -11 64
vertex 15 0 64
vertex 15 0 130
endloop
endfacet
facet normal 0.92 -0.38 0
outer loop
vertex 11 -11 64
vertex 15 0 130
vertex 11 -11 130
endloop
endfacet
facet normal 0 0 1
outer loop
vertex 36 -53 27
vertex 30 -63 27
vertex 40 -70 27
endloop
endfacet
facet normal 0 0 1
outer loop
vertex 36 -53 27
vertex 40 -70 27
vertex 46 -59 27
endloop
endfacet
facet normal -0.85 0.53 0
outer loop
vertex 36 -53 0
vertex 30 -63 0
vertex 30 -63 27
endloop
endfacet
facet normal -0.85 0.53 0
outer loop
vertex 36 -53 0
vertex 30 -63 27
vertex 36 -53 27
endloop
endfacet
facet normal -0.53 -0.85 0
outer loop
vertex 30 -63 0
vertex 40 -70 0
vertex 40 -70 27
endloop
endfacet
facet normal -0.53 -0.85 0
outer loop
vertex 30 -63 0
vertex 40 -70 27
vertex 30 -63 27
endloop
endfacet
facet normal 0.85 -0.53 0
outer loop
vertex 40 -70 0
vertex 46 -59 0
vertex 46 -59 27
endloop
endfacet
facet normal 0.85 -0.53 0
outer loop
vertex 40 -70 0
vertex 46 -59 27
vertex 40 -70 27
endloop
endfacet
facet normal 0.53 0.85 0
outer loop
vertex 46 -59 0
vertex 36 -53 0
vertex 36 -53 27
endloop
endfacet
facet normal 0.53 0.85 0
outer loop
vertex 46 -59 0
vertex 36 -53 27
vertex 46 -59 27
endloop
endfacet
facet normal 0 0 1
outer loop
vertex 34 -55 39
vertex 28 -65 39
vertex 39 -72 39
endloop
endfacet
facet normal 0 0 1
outer loop
vertex 34 -55 39
vertex 39 -72 39
vertex 45 -61 39
endloop
endfacet
facet normal -0.86 0.5 0
outer loop
vertex 34 -55 0
vertex 28 -65 0
vertex 28 -65 39
endloop
endfacet
facet normal -0.86 0.5 0
outer loop
vertex 34 -55 0
vertex 28 -65 39
vertex 34 -55 39
endloop
endfacet
facet normal -0.5 -0.86 0
outer loop
vertex 28 -65 0
vertex 39 -72 0
vertex 39 -72 39
endloop
endfacet
facet normal -0.5 -0.86 0
outer loop
vertex 28 -65 0
vertex 39 -72 39
vertex 28 -65 39
endloop
endfacet
facet normal 0.86 -0.5 0
outer loop
vertex 39 -72 0
vertex 45 -61 0
vertex 45 -61 39
endloop
endfacet
facet normal 0.86 -0.5 0
outer loop
vertex 39 -72 0
vertex 45 -61 39
vertex 39 -72 39
endloop
endfacet
facet normal 0.5 0.86 0
outer loop
vertex 45 -61 0
vertex 34 -55 0
vertex 34 -55 39
endloop
endfacet
facet normal 0.5 0.86 0
outer loop
vertex 45 -61 0
vertex 34 -55 39
vertex 45 -61 39
endloop
endfacet
facet normal 0 0 1
outer loop
vertex 33 -57 27
vertex 27 -67 27
vertex 38 -73 27
endloop
endfacet
facet normal 0 0 1
outer loop
vertex 33 -57 27
vertex 38 -73 27
vertex 44 -62 27
endloop
endfacet
facet normal -0.88 0.48 0
outer loop
vertex 33 -57 0
vertex 27 -67 0
vertex 27 -67 27
endloop
endfacet
facet normal -0.88 0.48 0
outer loop
vertex 33 -57 0
vertex 27 -67 27
vertex 33 -57 27
endloop
endfacet
facet normal -0.48 -0.88 0
outer loop
vertex 27 -67 0
vertex 38 -73 0
vertex 38 -73 27
endloop
endfacet
facet normal -0.48 -0.88 0
outer loop
vertex 27 -67 0
vertex 38 -73 27
vertex 27 -67 27
endloop
endfacet
facet normal 0.88 -0.48 0
outer loop
vertex 38 -73 0
vertex 44 -62 0
vertex 44 -62 27
endloop
endfacet
facet normal 0.88 -0.48 0
outer loop
vertex 38 -73 0
vertex 44 -62 27
vertex 38 -73 27
endloop
endfacet
facet normal 0.48 0.88 0
outer loop
vertex 44 -62 0
vertex 33 -57 0
vertex 33 -57 27
endloop
endfacet
facet normal 0.48 0.88 0
outer loop
vertex 44 -62 0
vertex 33 -57 27
vertex 44 -62 27
endloop
endfacet
facet normal 0 0 1
outer loop
vertex -31 59 27
vertex -26 70 27
vertex -36 75 27
endloop
endfacet
facet normal 0 0 1
outer loop
vertex -31 59 27
vertex -36 75 27
vertex -42 64 27
endloop
endfacet
facet normal 0.89 -0.45 0
outer loop
vertex -31 59 0
vertex -26 70 0
vertex -26 70 27
endloop
endfacet
facet normal 0.89 -0.45 0
outer loop
vertex -31 59 0
vertex -26 70 27
vertex -31 59 27
endloop
endfacet
facet normal 0.45 0.89 0
outer loop
vertex -26 70 0
vertex -36 75 0
vertex -36 75 27
endloop
endfacet
facet normal 0.45 0.89 0
outer loop
vertex -26 70 0
vertex -36 75 27
vertex -26 70 27
endloop
endfacet
facet normal -0.89 0.45 0
outer loop
vertex -36 75 0
vertex -42 64 0
vertex -42 64 27
endloop
endfacet
facet normal -0.89 0.45 0
outer loop
vertex -36 75 0
vertex -42 64 27
vertex -36 75 27
endloop
endfacet
facet normal -0.45 -0.89 0
outer loop
vertex -42 64 0
vertex -31 59 0
vertex -31 59 27
endloop
endfacet
facet normal -0.45 -0.89 0
outer loop
vertex -42 64 0
vertex -31 59 27
vertex -42 64 27
endloop
endfacet
facet normal 0 0 1
outer loop
vertex 16 -72 27
vertex 13 -84 27
vertex 25 -87 27
endloop
endfacet
facet normal 0 0 1
outer loop
vertex 16 -72 27
vertex 25 -87 27
vertex 28 -75 27
endloop
endfacet
facet normal -0.97 0.25 0
outer loop
vertex 16 -72 0
vertex 13 -84 0
vertex 13 -84 27
endloop
endfacet
facet normal -0.97 0.25 0
outer loop
vertex 16 -72 0
vertex 13 -84 27
vertex 16 -72 27
endloop
endfacet
facet normal -0.25 -0.97 0
outer loop
vertex 13 -84 0
vertex 25 -87 0
vertex 25 -87 27
endloop
endfacet
facet normal -0.25 -0.97 0
outer loop
vertex 13 -84 0
vertex 25 -87 27
vertex 13 -84 27
endloop
endfacet
facet normal 0.97 -0.25 0
outer loop
vertex 25 -87 0
vertex 28 -75 0
vertex 28 -75 27
endloop
endfacet
facet normal 0.97 -0.25 0
outer loop
vertex 25 -87 0
vertex 28 -75 27
vertex 25 -87 27
endloop
endfacet
facet normal 0.25 0.97 0
outer loop
vertex 28 -75 0
vertex 16 -72 0
vertex 16 -72 27
endloop
endfacet
facet normal 0.25 0.97 0
outer loop
vertex 28 -75 0
vertex 16 -72 27
vertex 28 -75 27
endloop
endfacet
facet normal 0 0 1
outer loop
vertex -15 73 27
vertex -12 85 27
vertex -24 87 27
endloop
endfacet
facet normal 0 0 1
outer loop
vertex -15 73 27
vertex -24 87 27
vertex -27 76 27
endloop
endfacet
facet normal 0.97 -0.23 0
outer loop
vertex -15 73 0
vertex -12 85 0
vertex -12 85 27
endloop
endfacet
facet normal 0.97 -0.23 0
outer loop
vertex -15 73 0
vertex -12 85 27
vertex -15 73 27
endloop
endfacet
facet normal 0.23 0.97 0
outer loop
vertex -12 85 0
vertex -24 87 0
vertex -24 87 27
endloop
endfacet
facet normal 0.23 0.97 0
outer loop
vertex -12 85 0
vertex -24 87 27
vertex -12 85 27
endloop
endfacet
facet normal -0.97 0.23 0
outer loop
vertex -24 87 0
vertex -27 76 0
vertex -27 76 27
endloop
endfacet
facet normal -0.97 0.23 0
outer loop
vertex -24 87 0
vertex -27 76 27
vertex -24 87 27
endloop
endfacet
facet normal -0.23 -0.97 0
outer loop
vertex -27 76 0
vertex -15 73 0
vertex -15 73 27
endloop
endfacet
facet normal -0.23 -0.97 0
outer loop
vertex -27 76 0
vertex -15 73 27
vertex -27 76 27
endloop
endfacet
facet normal 0 0 1
outer loop
vertex -7 79 27
vertex -5 91 27
vertex -17 92 27
endloop
endfacet
facet normal 0 0 1
outer loop
vertex -7 79 27
vertex -17 92 27
vertex -18 80 27
endloop
endfacet
facet normal 0.99 -0.14 0
outer loop
vertex -7 79 0
vertex -5 91 0
vertex -5 91 27
endloop
endfacet
facet normal 0.99 -0.14 0
outer loop
vertex -7 79 0
vertex -5 91 27
vertex -7 79 27
endloop
endfacet
facet normal 0.14 0.99 0
outer loop
vertex -5 91 0
vertex -17 92 0
vertex -17 92 27
endloop
endfacet
facet normal 0.14 0.99 0
outer loop
vertex -5 91 0
vertex -17 92 27
vertex -5 91 27
endloop
endfacet
facet normal -0.99 0.14 0
outer loop
vertex -17 92 0
vertex -18 80 0
vertex -18 80 27
endloop
endfacet
facet normal -0.99 0.14 0
outer loop
vertex -17 92 0
vertex -18 80 27
vertex -17 92 27
endloop
endfacet
facet normal -0.14 -0.99 0
outer loop
vertex -18 80 0
vertex -7 79 0
vertex -7 79 27
endloop
endfacet
facet normal -0.14 -0.99 0
outer loop
vertex -18 80 0
vertex -7 79 27
vertex -18 80 27
endloop
endfacet
facet normal 0 0 1
outer loop
vertex -1 -83 27
vertex -2 -95 27
vertex 10 -96 27
endloop
endfacet
facet normal 0 0 1
outer loop
vertex -1 -83 27
vertex 10 -96 27
vertex 11 -84 27
endloop
endfacet
facet normal -1 0.05 0
outer loop
vertex -1 -83 0
vertex -2 -95 0
vertex -2 -95 27
endloop
endfacet
facet normal -1 0.05 0
outer loop
vertex -1 -83 0
vertex -2 -95 27
vertex -1 -83 27
endloop
endfacet
facet normal -0.05 -1 0
outer loop
vertex -2 -95 0
vertex 10 -96 0
vertex 10 -96 27
endloop
endfacet
facet normal -0.05 -1 0
outer loop
vertex -2 -95 0
vertex 10 -96 27
vertex -2 -95 27
endloop
endfacet
facet normal 1 -0.05 0
outer loop
vertex 10 -96 0
vertex 11 -84 0
vertex 11 -84 27
endloop
endfacet
facet normal 1 -0.05 0
outer loop
vertex 10 -96 0
vertex 11 -84 27
vertex 10 -96 27
endloop
endfacet
facet normal 0.05 1 0
outer loop
vertex 11 -84 0
vertex -1 -83 0
vertex -1 -83 27
endloop
endfacet
facet normal 0.05 1 0
outer loop
vertex 11 -84 0
vertex -1 -83 27
vertex 11 -84 27
endloop
endfacet
facet normal 0 0 1
outer loop
vertex 8 86 27
vertex 7 98 27
vertex -5 98 27
endloop
endfacet
facet normal 0 0 1
outer loop
vertex 8 86 27
vertex -5 98 27
vertex -4 86 27
endloop
endfacet
facet normal 1 0.02 0
outer loop
vertex 8 86 0
vertex 7 98 0
vertex 7 98 27
endloop
endfacet
facet normal 1 0.02 0
outer loop
vertex 8 86 0
vertex 7 98 27
vertex 8 86 27
endloop
endfacet
facet normal -0.02 1 0
outer loop
vertex 7 98 0
vertex -5 98 0
vertex -5 98 27
endloop
endfacet
facet normal -0.02 1 0
outer loop
vertex 7 98 0
vertex -5 98 27
vertex 7 98 27
endloop
endfacet
facet normal -1 -0.02 0
outer loop
vertex -5 98 0
vertex -4 86 0
vertex -4 86 27
endloop
endfacet
facet normal -1 -0.02 0
outer loop
vertex -5 98 0
vertex -4 86 27
vertex -5 98 27
endloop
endfacet
facet normal 0.02 -1 0
outer loop
vertex -4 86 0
vertex 8 86 0
vertex 8 86 27
endloop
endfacet
facet normal 0.02 -1 0
outer loop
vertex -4 86 0
vertex 8 86 27
vertex -4 86 27
endloop
endfacet
facet normal 0 0 1
outer loop
vertex -9 -87 27
vertex -8 -99 27
vertex 4 -98 27
endloop
endfacet
facet normal 0 0 1
outer loop
vertex -9 -87 27
vertex 4 -98 27
vertex 3 -86 27
endloop
endfacet
facet normal -1 -0.03 0
outer loop
vertex -9 -87 0
vertex -8 -99 0
vertex -8 -99 27
endloop
endfacet
facet normal -1 -0.03 0
outer loop
vertex -9 -87 0
vertex -8 -99 27
vertex -9 -87 27
endloop
endfacet
facet normal 0.03 -1 0
outer loop
vertex -8 -99 0
vertex 4 -98 0
vertex 4 -98 27
endloop
endfacet
facet normal 0.03 -1 0
outer loop
vertex -8 -99 0
vertex 4 -98 27
vertex -8 -99 27
endloop
endfacet
facet normal 1 0.03 0
outer loop
vertex 4 -98 0
vertex 3 -86 0
vertex 3 -86 27
endloop
endfacet
facet normal 1 0.03 0
outer loop
vertex 4 -98 0
vertex 3 -86 27
vertex 4 -98 27
endloop
endfacet
facet normal -0.03 1 0
outer loop
vertex 3 -86 0
vertex -9 -87 0
vertex -9 -87 27
endloop
endfacet
facet normal -0.03 1 0
outer loop
vertex 3 -86 0
vertex -9 -87 27
vertex 3 -86 27
endloop
endfacet
facet normal 0 0 1
outer loop
vertex 10 87 27
vertex 10 99 27
vertex -2 99 27
endloop
endfacet
facet normal 0 0 1
outer loop
vertex 10 87 27
vertex -2 99 27
vertex -2 87 27
endloop
endfacet
facet normal 1 0.04 0
outer loop
vertex 10 87 0
vertex 10 99 0
vertex 10 99 27
endloop
endfacet
facet normal 1 0.04 0
outer loop
vertex 10 87 0
vertex 10 99 27
vertex 10 87 27
endloop
endfacet
facet normal -0.04 1 0
outer loop
vertex 10 99 0
vertex -2 99 0
vertex -2 99 27
endloop
endfacet
facet normal -0.04 1 0
outer loop
vertex 10 99 0
vertex -2 99 27
vertex 10 99 27
endloop
endfacet
facet normal -1 -0.04 0
outer loop
vertex -2 99 0
vertex -2 87 0
vertex -2 87 27
endloop
endfacet
facet normal -1 -0.04 0
outer loop
vertex -2 99 0
vertex -2 87 27
vertex -2 99 27
endloop
endfacet
facet normal 0.04 -1 0
outer loop
vertex -2 87 0
vertex 10 87 0
vertex 10 87 27
endloop
endfacet
facet normal 0.04 -1 0
outer loop
vertex -2 87 0
vertex 10 87 27
vertex -2 87 27
endloop
endfacet
facet normal 0 0 1
outer loop
vertex 15 89 33
vertex 14 101 33
vertex 2 100 33
endloop
endfacet
facet normal 0 0 1
outer loop
vertex 15 89 33
vertex 2 100 33
vertex 3 88 33
endloop
endfacet
facet normal 1 0.09 0
outer loop
vertex 15 89 0
vertex 14 101 0
vertex 14 101 33
endloop
endfacet
facet normal 1 0.09 0
outer loop
vertex 15 89 0
vertex 14 101 33
vertex 15 89 33
endloop
endfacet
facet normal -0.09 1 0
outer loop
vertex 14 101 0
vertex 2 100 0
vertex 2 100 33
endloop
endfacet
facet normal -0.09 1 0
outer loop
vertex 14 101 0
vertex 2 100 33
vertex 14 101 33
endloop
endfacet
facet normal -1 -0.09 0
outer loop
vertex 2 100 0
vertex 3 88 0
vertex 3 88 33
endloop
endfacet
facet normal -1 -0.09 0
outer loop
vertex 2 100 0
vertex 3 88 33
vertex 2 100 33
endloop
endfacet
facet normal 0.09 -1 0
outer loop
vertex 3 88 0
vertex 15 89 0
vertex 15 89 33
endloop
endfacet
facet normal 0.09 -1 0
outer loop
vertex 3 88 0
vertex 15 89 33
vertex 3 88 33
endloop
endfacet
facet normal 0 0 1
outer loop
vertex -33 -94 33
vertex -30 -106 33
vertex -18 -103 33
endloop
endfacet
facet normal 0 0 1
outer loop
vertex -33 -94 33
vertex -18 -103 33
vertex -21 -91 33
endloop
endfacet
facet normal -0.97 -0.25 0
outer loop
vertex -33 -94 0
vertex -30 -106 0
vertex -30 -106 33
endloop
endfacet
facet normal -0.97 -0.25 0
outer loop
vertex -33 -94 0
vertex -30 -106 33
vertex -33 -94 33
endloop
endfacet
facet normal 0.25 -0.97 0
outer loop
vertex -30 -106 0
vertex -18 -103 0
vertex -18 -103 33
endloop
endfacet
facet normal 0.25 -0.97 0
outer loop
vertex -30 -106 0
vertex -18 -103 33
vertex -30 -106 33
endloop
endfacet
facet normal 0.97 0.25 0
outer loop
vertex -18 -103 0
vertex -21 -91 0
vertex -21 -91 33
endloop
endfacet
facet normal 0.97 0.25 0
outer loop
vertex -18 -103 0
vertex -21 -91 33
vertex -18 -103 33
endloop
endfacet
facet normal -0.25 0.97 0
outer loop
vertex -21 -91 0
vertex -33 -94 0
vertex -33 -94 33
endloop
endfacet
facet normal -0.25 0.97 0
outer loop
vertex -21 -91 0
vertex -33 -94 33
vertex -21 -91 33
endloop
endfacet
facet normal 0 0 1
outer loop
vertex 35 94 33
vertex 31 106 33
vertex 20 103 33
endloop
endfacet
facet normal 0 0 1
outer loop
vertex 35 94 33
vertex 20 103 33
vertex 23 91 33
endloop
endfacet
facet normal 0.96 0.27 0
outer loop
vertex 35 94 0
vertex 31 106 0
vertex 31 106 33
endloop
endfacet
facet normal 0.96 0.27 0
outer loop
vertex 35 94 0
vertex 31 106 33
vertex 35 94 33
endloop
endfacet
facet normal -0.27 0.96 0
outer loop
vertex 31 106 0
vertex 20 103 0
vertex 20 103 33
endloop
endfacet
facet normal -0.27 0.96 0
outer loop
vertex 31 106 0
vertex 20 103 33
vertex 31 106 33
endloop
endfacet
facet normal -0.96 -0.27 0
outer loop
vertex 20 103 0
vertex 23 91 0
vertex 23 91 33
endloop
endfacet
facet normal -0.96 -0.27 0
outer loop
vertex 20 103 0
vertex 23 91 33
vertex 20 103 33
endloop
endfacet
facet normal 0.27 -0.96 0
outer loop
vertex 23 91 0
vertex 35 94 0
vertex 35 94 33
endloop
endfacet
facet normal 0.27 -0.96 0
outer loop
vertex 23 91 0
vertex 35 94 33
vertex 23 91 33
endloop
endfacet
facet normal 0 0 1
outer loop
vertex -37 -94 67
vertex -33 -107 67
vertex -20 -104 67
endloop
endfacet
facet normal 0 0 1
outer loop
vertex -37 -94 67
vertex -20 -104 67
vertex -24 -91 67
endloop
endfacet
facet normal -0.96 -0.28 0
outer loop
vertex -37 -94 0
vertex -33 -107 0
vertex -33 -107 67
endloop
endfacet
facet normal -0.96 -0.28 0
outer loop
vertex -37 -94 0
vertex -33 -107 67
vertex -37 -94 67
endloop
endfacet
facet normal 0.28 -0.96 0
outer loop
vertex -33 -107 0
vertex -20 -104 0
vertex -20 -104 67
endloop
endfacet
facet normal 0.28 -0.96 0
outer loop
vertex -33 -107 0
vertex -20 -104 67
vertex -33 -107 67
endloop
endfacet
facet normal 0.96 0.28 0
outer loop
vertex -20 -104 0
vertex -24 -91 0
vertex -24 -91 67
endloop
endfacet
facet normal 0.96 0.28 0
outer loop
vertex -20 -104 0
vertex -24 -91 67
vertex -20 -104 67
endloop
endfacet
facet normal -0.28 0.96 0
outer loop
vertex -24 -91 0
vertex -37 -94 0
vertex -37 -94 67
endloop
endfacet
facet normal -0.28 0.96 0
outer loop
vertex -24 -91 0
vertex -37 -94 67
vertex -24 -91 67
endloop
endfacet
facet normal 0 0 1
outer loop
vertex 38 95 33
vertex 34 107 33
vertex 22 103 33
endloop
endfacet
facet normal 0 0 1
outer loop
vertex 38 95 33
vertex 22 103 33
vertex 26 91 33
endloop
endfacet
facet normal 0.96 0.29 0
outer loop
vertex 38 95 0
vertex 34 107 0
vertex 34 107 33
endloop
endfacet
facet normal 0.96 0.29 0
outer loop
vertex 38 95 0
vertex 34 107 33
vertex 38 95 33
endloop
endfacet
facet normal -0.29 0.96 0
outer loop
vertex 34 107 0
vertex 22 103 0
vertex 22 103 33
endloop
endfacet
facet normal -0.29 0.96 0
outer loop
vertex 34 107 0
vertex 22 103 33
vertex 34 107 33
endloop
endfacet
facet normal -0.96 -0.29 0
outer loop
vertex 22 103 0
vertex 26 91 0
vertex 26 91 33
endloop
endfacet
facet normal -0.96 -0.29 0
outer loop
vertex 22 103 0
vertex 26 91 33
vertex 22 103 33
endloop
endfacet
facet normal 0.29 -0.96 0
outer loop
vertex 26 91 0
vertex 38 95 0
vertex 38 95 33
endloop
endfacet
facet normal 0.29 -0.96 0
outer loop
vertex 26 91 0
vertex 38 95 33
vertex 26 91 33
endloop
endfacet
facet normal 0 0 1
outer loop
vertex -40 -95 57
vertex -36 -108 57
vertex -23 -104 57
endloop
endfacet
facet normal 0 0 1
outer loop
vertex -40 -95 57
vertex -23 -104 57
vertex -27 -91 57
endloop
endfacet
facet normal -0.95 -0.3 0
outer loop
vertex -40 -95 0
vertex -36 -108 0
vertex -36 -108 57
endloop
endfacet
facet normal -0.95 -0.3 0
outer loop
vertex -40 -95 0
vertex -36 -108 57
vertex -40 -95 57
endloop
endfacet
facet normal 0.3 -0.95 0
outer loop
vertex -36 -108 0
vertex -23 -104 0
vertex -23 -104 57
endloop
endfacet
facet normal 0.3 -0.95 0
outer loop
vertex -36 -108 0
vertex -23 -104 57
vertex -36 -108 57
endloop
endfacet
facet normal 0.95 0.3 0
outer loop
vertex -23 -104 0
vertex -27 -91 0
vertex -27 -91 57
endloop
endfacet
facet normal 0.95 0.3 0
outer loop
vertex -23 -104 0
vertex -27 -91 57
vertex -23 -104 57
endloop
endfacet
facet normal -0.3 0.95 0
outer loop
vertex -27 -91 0
vertex -40 -95 0
vertex -40 -95 57
endloop
endfacet
facet normal -0.3 0.95 0
outer loop
vertex -27 -91 0
vertex -40 -95 57
vertex -27 -91 57
endloop
endfacet
facet normal 0 0 1
outer loop
vertex 42 95 91
vertex 37 109 91
vertex 24 104 91
endloop
endfacet
facet normal 0 0 1
outer loop
vertex 42 95 91
vertex 24 104 91
vertex 28 90 91
endloop
endfacet
facet normal 0.95 0.31 0
outer loop
vertex 42 95 0
vertex 37 109 0
vertex 37 109 91
endloop
endfacet
facet normal 0.95 0.31 0
outer loop
vertex 42 95 0
vertex 37 109 91
vertex 42 95 91
endloop
endfacet
facet normal -0.31 0.95 0
outer loop
vertex 37 109 0
vertex 24 104 0
vertex 24 104 91
endloop
endfacet
facet normal -0.31 0.95 0
outer loop
vertex 37 109 0
vertex 24 104 91
vertex 37 109 91
endloop
endfacet
facet normal -0.95 -0.31 0
outer loop
vertex 24 104 0
vertex 28 90 0
vertex 28 90 91
endloop
endfacet
facet normal -0.95 -0.31 0
outer loop
vertex 24 104 0
vertex 28 90 91
vertex 24 104 91
endloop
endfacet
facet normal 0.31 -0.95 0
outer loop
vertex 28 90 0
vertex 42 95 0
vertex 42 95 91
endloop
endfacet
facet normal 0.31 -0.95 0
outer loop
vertex 28 90 0
vertex 42 95 91
vertex 28 90 91
endloop
endfacet
facet normal 0 0 1
outer loop
vertex -43 -95 57
vertex -38 -108 57
vertex -26 -104 57
endloop
endfacet
facet normal 0 0 1
outer loop
vertex -43 -95 57
vertex -26 -104 57
vertex -30 -91 57
endloop
endfacet
facet normal -0.95 -0.33 0
outer loop
vertex -43 -95 0
vertex -38 -108 0
vertex -38 -108 57
endloop
endfacet
facet normal -0.95 -0.33 0
outer loop
vertex -43 -95 0
vertex -38 -108 57
vertex -43 -95 57
endloop
endfacet
facet normal 0.33 -0.95 0
outer loop
vertex -38 -108 0
vertex -26 -104 0
vertex -26 -104 57
endloop
endfacet
facet normal 0.33 -0.95 0
outer loop
vertex -38 -108 0
vertex -26 -104 57
vertex -38 -108 57
endloop
endfacet
facet normal 0.95 0.33 0
outer loop
vertex -26 -104 0
vertex -30 -91 0
vertex -30 -91 57
endloop
endfacet
facet normal 0.95 0.33 0
outer loop
vertex -26 -104 0
vertex -30 -91 57
vertex -26 -104 57
endloop
endfacet
facet normal -0.33 0.95 0
outer loop
vertex -30 -91 0
vertex -43 -95 0
vertex -43 -95 57
endloop
endfacet
facet normal -0.33 0.95 0
outer loop
vertex -30 -91 0
vertex -43 -95 57
vertex -30 -91 57
endloop
endfacet
facet normal 0 0 1
outer loop
vertex 44 96 51
vertex 40 108 51
vertex 27 103 51
endloop
endfacet
facet normal 0 0 1
outer loop
vertex 44 96 51
vertex 27 103 51
vertex 32 91 51
endloop
endfacet
facet normal 0.94 0.34 0
outer loop
vertex 44 96 0
vertex 40 108 0
vertex 40 108 51
endloop
endfacet
facet normal 0.94 0.34 0
outer loop
vertex 44 96 0
vertex 40 108 51
vertex 44 96 51
endloop
endfacet
facet normal -0.34 0.94 0
outer loop
vertex 40 108 0
vertex 27 103 0
vertex 27 103 51
endloop
endfacet
facet normal -0.34 0.94 0
outer loop
vertex 40 108 0
vertex 27 103 51
vertex 40 108 51
endloop
endfacet
facet normal -0.94 -0.34 0
outer loop
vertex 27 103 0
vertex 32 91 0
vertex 32 91 51
endloop
endfacet
facet normal -0.94 -0.34 0
outer loop
vertex 27 103 0
vertex 32 91 51
vertex 27 103 51
endloop
endfacet
facet normal 0.34 -0.94 0
outer loop
vertex 32 91 0
vertex 44 96 0
vertex 44 96 51
endloop
endfacet
facet normal 0.34 -0.94 0
outer loop
vertex 32 91 0
vertex 44 96 51
vertex 32 91 51
endloop
endfacet
facet normal 0 0 1
outer loop
vertex -46 -96 57
vertex -41 -108 57
vertex -29 -104 57
endloop
endfacet
facet normal 0 0 1
outer loop
vertex -46 -96 57
vertex -29 -104 57
vertex -33 -91 57
endloop
endfacet
facet normal -0.94 -0.35 0
outer loop
vertex -46 -96 0
vertex -41 -108 0
vertex -41 -108 57
endloop
endfacet
facet normal -0.94 -0.35 0
outer loop
vertex -46 -96 0
vertex -41 -108 57
vertex -46 -96 57
endloop
endfacet
facet normal 0.35 -0.94 0
outer loop
vertex -41 -108 0
vertex -29 -104 0
vertex -29 -104 57
endloop
endfacet
facet normal 0.35 -0.94 0
outer loop
vertex -41 -108 0
vertex -29 -104 57
vertex -41 -108 57
endloop
endfacet
facet normal 0.94 0.35 0
outer loop
vertex -29 -104 0
vertex -33 -91 0
vertex -33 -91 57
endloop
endfacet
facet normal 0.94 0.35 0
outer loop
vertex -29 -104 0
vertex -33 -91 57
vertex -29 -104 57
endloop
endfacet
facet normal -0.35 0.94 0
outer loop
vertex -33 -91 0
vertex -46 -96 0
vertex -46 -96 57
endloop
endfacet
facet normal -0.35 0.94 0
outer loop
vertex -33 -91 0
vertex -46 -96 57
vertex -33 -91 57
endloop
endfacet
facet normal 0 0 1
outer loop
vertex 47 96 62
vertex 42 108 62
vertex 30 104 62
endloop
endfacet
facet normal 0 0 1
outer loop
vertex 47 96 62
vertex 30 104 62
vertex 35 91 62
endloop
endfacet
facet normal 0.93 0.36 0
outer loop
vertex 47 96 0
vertex 42 108 0
vertex 42 108 62
endloop
endfacet
facet normal 0.93 0.36 0
outer loop
vertex 47 96 0
vertex 42 108 62
vertex 47 96 62
endloop
endfacet
facet normal -0.36 0.93 0
outer loop
vertex 42 108 0
vertex 30 104 0
vertex 30 104 62
endloop
endfacet
facet normal -0.36 0.93 0
outer loop
vertex 42 108 0
vertex 30 104 62
vertex 42 108 62
endloop
endfacet
facet normal -0.93 -0.36 0
outer loop
vertex 30 104 0
vertex 35 91 0
vertex 35 91 62
endloop
endfacet
facet normal -0.93 -0.36 0
outer loop
vertex 30 104 0
vertex 35 91 62
vertex 30 104 62
endloop
endfacet
facet normal 0.36 -0.93 0
outer loop
vertex 35 91 0
vertex 47 96 0
vertex 47 96 62
endloop
endfacet
facet normal 0.36 -0.93 0
outer loop
vertex 35 91 0
vertex 47 96 62
vertex 35 91 62
endloop
endfacet
facet normal 0 0 1
outer loop
vertex -48 -96 39
vertex -44 -108 39
vertex -32 -103 39
endloop
endfacet
facet normal 0 0 1
outer loop
vertex -48 -96 39
vertex -32 -103 39
vertex -37 -92 39
endloop
endfacet
facet normal -0.93 -0.37 0
outer loop
vertex -48 -96 0
vertex -44 -108 0
vertex -44 -108 39
endloop
endfacet
facet normal -0.93 -0.37 0
outer loop
vertex -48 -96 0
vertex -44 -108 39
vertex -48 -96 39
endloop
endfacet
facet normal 0.37 -0.93 0
outer loop
vertex -44 -108 0
vertex -32 -103 0
vertex -32 -103 39
endloop
endfacet
facet normal 0.37 -0.93 0
outer loop
vertex -44 -108 0
vertex -32 -103 39
vertex -44 -108 39
endloop
endfacet
facet normal 0.93 0.37 0
outer loop
vertex -32 -103 0
vertex -37 -92 0
vertex -37 -92 39
endloop
endfacet
facet normal 0.93 0.37 0
outer loop
vertex -32 -103 0
vertex -37 -92 39
vertex -32 -103 39
endloop
endfacet
facet normal -0.37 0.93 0
outer loop
vertex -37 -92 0
vertex -48 -96 0
vertex -48 -96 39
endloop
endfacet
facet normal -0.37 0.93 0
outer loop
vertex -37 -92 0
vertex -48 -96 39
vertex -37 -92 39
endloop
endfacet
facet normal 0 0 1
outer loop
vertex -52 -96 65
vertex -47 -109 65
vertex -34 -103 65
endloop
endfacet
facet normal 0 0 1
outer loop
vertex -52 -96 65
vertex -34 -103 65
vertex -40 -91 65
endloop
endfacet
facet normal -0.92 -0.4 0
outer loop
vertex -52 -96 0
vertex -47 -109 0
vertex -47 -109 65
endloop
endfacet
facet normal -0.92 -0.4 0
outer loop
vertex -52 -96 0
vertex -47 -109 65
vertex -52 -96 65
endloop
endfacet
facet normal 0.4 -0.92 0
outer loop
vertex -47 -109 0
vertex -34 -103 0
vertex -34 -103 65
endloop
endfacet
facet normal 0.4 -0.92 0
outer loop
vertex -47 -109 0
vertex -34 -103 65
vertex -47 -109 65
endloop
endfacet
facet normal 0.92 0.4 0
outer loop
vertex -34 -103 0
vertex -40 -91 0
vertex -40 -91 65
endloop
endfacet
facet normal 0.92 0.4 0
outer loop
vertex -34 -103 0
vertex -40 -91 65
vertex -34 -103 65
endloop
endfacet
facet normal -0.4 0.92 0
outer loop
vertex -40 -91 0
vertex -52 -96 0
vertex -52 -96 65
endloop
endfacet
facet normal -0.4 0.92 0
outer loop
vertex -40 -91 0
vertex -52 -96 65
vertex -40 -91 65
endloop
endfacet
facet normal 0 0 1
outer loop
vertex 53 97 43
vertex 48 108 43
vertex 36 103 43
endloop
endfacet
facet normal 0 0 1
outer loop
vertex 53 97 43
vertex 36 103 43
vertex 41 91 43
endloop
endfacet
facet normal 0.91 0.41 0
outer loop
vertex 53 97 0
vertex 48 108 0
vertex 48 108 43
endloop
endfacet
facet normal 0.91 0.41 0
outer loop
vertex 53 97 0
vertex 48 108 43
vertex 53 97 43
endloop
endfacet
facet normal -0.41 0.91 0
outer loop
vertex 48 108 0
vertex 36 103 0
vertex 36 103 43
endloop
endfacet
facet normal -0.41 0.91 0
outer loop
vertex 48 108 0
vertex 36 103 43
vertex 48 108 43
endloop
endfacet
facet normal -0.91 -0.41 0
outer loop
vertex 36 103 0
vertex 41 91 0
vertex 41 91 43
endloop
endfacet
facet normal -0.91 -0.41 0
outer loop
vertex 36 103 0
vertex 41 91 43
vertex 36 103 43
endloop
endfacet
facet normal 0.41 -0.91 0
outer loop
vertex 41 91 0
vertex 53 97 0
vertex 53 97 43
endloop
endfacet
facet normal 0.41 -0.91 0
outer loop
vertex 41 91 0
vertex 53 97 43
vertex 41 91 43
endloop
endfacet
facet normal 0 0 1
outer loop
vertex -54 -97 27
vertex -49 -108 27
vertex -38 -103 27
endloop
endfacet
facet normal 0 0 1
outer loop
vertex -54 -97 27
vertex -38 -103 27
vertex -43 -92 27
endloop
endfacet
facet normal -0.91 -0.42 0
outer loop
vertex -54 -97 0
vertex -49 -108 0
vertex -49 -108 27
endloop
endfacet
facet normal -0.91 -0.42 0
outer loop
vertex -54 -97 0
vertex -49 -108 27
vertex -54 -97 27
endloop
endfacet
facet normal 0.42 -0.91 0
outer loop
vertex -49 -108 0
vertex -38 -103 0
vertex -38 -103 27
endloop
endfacet
facet normal 0.42 -0.91 0
outer loop
vertex -49 -108 0
vertex -38 -103 27
vertex -49 -108 27
endloop
endfacet
facet normal 0.91 0.42 0
outer loop
vertex -38 -103 0
vertex -43 -92 0
vertex -43 -92 27
endloop
endfacet
facet normal 0.91 0.42 0
outer loop
vertex -38 -103 0
vertex -43 -92 27
vertex -38 -103 27
endloop
endfacet
facet normal -0.42 0.91 0
outer loop
vertex -43 -92 0
vertex -54 -97 0
vertex -54 -97 27
endloop
endfacet
facet normal -0.42 0.91 0
outer loop
vertex -43 -92 0
vertex -54 -97 27
vertex -43 -92 27
endloop
endfacet
facet normal 0 0 1
outer loop
vertex 56 97 27
vertex 50 108 27
vertex 40 102 27
endloop
endfacet
facet normal 0 0 1
outer loop
vertex 56 97 27
vertex 40 102 27
vertex 45 92 27
endloop
endfacet
facet normal 0.9 0.43 0
outer loop
vertex 56 97 0
vertex 50 108 0
vertex 50 108 27
endloop
endfacet
facet normal 0.9 0.43 0
outer loop
vertex 56 97 0
vertex 50 108 27
vertex 56 97 27
endloop
endfacet
facet normal -0.43 0.9 0
outer loop
vertex 50 108 0
vertex 40 102 0
vertex 40 102 27
endloop
endfacet
facet normal -0.43 0.9 0
outer loop
vertex 50 108 0
vertex 40 102 27
vertex 50 108 27
endloop
endfacet
facet normal -0.9 -0.43 0
outer loop
vertex 40 102 0
vertex 45 92 0
vertex 45 92 27
endloop
endfacet
facet normal -0.9 -0.43 0
outer loop
vertex 40 102 0
vertex 45 92 27
vertex 40 102 27
endloop
endfacet
facet normal 0.43 -0.9 0
outer loop
vertex 45 92 0
vertex 56 97 0
vertex 56 97 27
endloop
endfacet
facet normal 0.43 -0.9 0
outer loop
vertex 45 92 0
vertex 56 97 27
vertex 45 92 27
endloop
endfacet
facet normal 0 0 1
outer loop
vertex -73 -96 27
vertex -66 -106 27
vertex -56 -99 27
endloop
endfacet
facet normal 0 0 1
outer loop
vertex -73 -96 27
vertex -56 -99 27
vertex -63 -89 27
endloop
endfacet
facet normal -0.83 -0.55 0
outer loop
vertex -73 -96 0
vertex -66 -106 0
vertex -66 -106 27
endloop
endfacet
facet normal -0.83 -0.55 0
outer loop
vertex -73 -96 0
vertex -66 -106 27
vertex -73 -96 27
endloop
endfacet
facet normal 0.55 -0.83 0
outer loop
vertex -66 -106 0
vertex -56 -99 0
vertex -56 -99 27
endloop
endfacet
facet normal 0.55 -0.83 0
outer loop
vertex -66 -106 0
vertex -56 -99 27
vertex -66 -106 27
endloop
endfacet
facet normal 0.83 0.55 0
outer loop
vertex -56 -99 0
vertex -63 -89 0
vertex -63 -89 27
endloop
endfacet
facet normal 0.83 0.55 0
outer loop
vertex -56 -99 0
vertex -63 -89 27
vertex -56 -99 27
endloop
endfacet
facet normal -0.55 0.83 0
outer loop
vertex -63 -89 0
vertex -73 -96 0
vertex -73 -96 27
endloop
endfacet
facet normal -0.55 0.83 0
outer loop
vertex -63 -89 0
vertex -73 -96 27
vertex -63 -89 27
endloop
endfacet
facet normal 0 0 1
outer loop
vertex -76 -96 27
vertex -69 -105 27
vertex -59 -99 27
endloop
endfacet
facet normal 0 0 1
outer loop
vertex -76 -96 27
vertex -59 -99 27
vertex -66 -89 27
endloop
endfacet
facet normal -0.82 -0.57 0
outer loop
vertex -76 -96 0
vertex -69 -105 0
vertex -69 -105 27
endloop
endfacet
facet normal -0.82 -0.57 0
outer loop
vertex -76 -96 0
vertex -69 -105 27
vertex -76 -96 27
endloop
endfacet
facet normal 0.57 -0.82 0
outer loop
vertex -69 -105 0
vertex -59 -99 0
vertex -59 -99 27
endloop
endfacet
facet normal 0.57 -0.82 0
outer loop
vertex -69 -105 0
vertex -59 -99 27
vertex -69 -105 27
endloop
endfacet
facet normal 0.82 0.57 0
outer loop
vertex -59 -99 0
vertex -66 -89 0
vertex -66 -89 27
endloop
endfacet
facet normal 0.82 0.57 0
outer loop
vertex -59 -99 0
vertex -66 -89 27
vertex -59 -99 27
endloop
endfacet
facet normal -0.57 0.82 0
outer loop
vertex -66 -89 0
vertex -76 -96 0
vertex -76 -96 27
endloop
endfacet
facet normal -0.57 0.82 0
outer loop
vertex -66 -89 0
vertex -76 -96 27
vertex -66 -89 27
endloop
endfacet
facet normal 0 0 1
outer loop
vertex -83 -95 27
vertex -75 -104 27
vertex -66 -97 27
endloop
endfacet
facet normal 0 0 1
outer loop
vertex -83 -95 27
vertex -66 -97 27
vertex -73 -87 27
endloop
endfacet
facet normal -0.79 -0.61 0
outer loop
vertex -83 -95 0
vertex -75 -104 0
vertex -75 -104 27
endloop
endfacet
facet normal -0.79 -0.61 0
outer loop
vertex -83 -95 0
vertex -75 -104 27
vertex -83 -95 27
endloop
endfacet
facet normal 0.61 -0.79 0
outer loop
vertex -75 -104 0
vertex -66 -97 0
vertex -66 -97 27
endloop
endfacet
facet normal 0.61 -0.79 0
outer loop
vertex -75 -104 0
vertex -66 -97 27
vertex -75 -104 27
endloop
endfacet
facet normal 0.79 0.61 0
outer loop
vertex -66 -97 0
vertex -73 -87 0
vertex -73 -87 27
endloop
endfacet
facet normal 0.79 0.61 0
outer loop
vertex -66 -97 0
vertex -73 -87 27
vertex -66 -97 27
endloop
endfacet
facet normal -0.61 0.79 0
outer loop
vertex -73 -87 0
vertex -83 -95 0
vertex -83 -95 27
endloop
endfacet
facet normal -0.61 0.79 0
outer loop
vertex -73 -87 0
vertex -83 -95 27
vertex -73 -87 27
endloop
endfacet
facet normal 0 0 1
outer loop
vertex -89 -93 27
vertex -81 -102 27
vertex -72 -94 27
endloop
endfacet
facet normal 0 0 1
outer loop
vertex -89 -93 27
vertex -72 -94 27
vertex -80 -85 27
endloop
endfacet
facet normal -0.76 -0.65 0
outer loop
vertex -89 -93 0
vertex -81 -102 0
vertex -81 -102 27
endloop
endfacet
facet normal -0.76 -0.65 0
outer loop
vertex -89 -93 0
vertex -81 -102 27
vertex -89 -93 27
endloop
endfacet
facet normal 0.65 -0.76 0
outer loop
vertex -81 -102 0
vertex -72 -94 0
vertex -72 -94 27
endloop
endfacet
facet normal 0.65 -0.76 0
outer loop
vertex -81 -102 0
vertex -72 -94 27
vertex -81 -102 27
endloop
endfacet
facet normal 0.76 0.65 0
outer loop
vertex -72 -94 0
vertex -80 -85 0
vertex -80 -85 27
endloop
endfacet
facet normal 0.76 0.65 0
outer loop
vertex -72 -94 0
vertex -80 -85 27
vertex -72 -94 27
endloop
endfacet
facet normal -0.65 0.76 0
outer loop
vertex -80 -85 0
vertex -89 -93 0
vertex -89 -93 27
endloop
endfacet
facet normal -0.65 0.76 0
outer loop
vertex -80 -85 0
vertex -89 -93 27
vertex -80 -85 27
endloop
endfacet
facet normal 0 0 1
outer loop
vertex 100 90 27
vertex 92 98 27
vertex 84 89 27
endloop
endfacet
facet normal 0 0 1
outer loop
vertex 100 90 27
vertex 84 89 27
vertex 92 81 27
endloop
endfacet
facet normal 0.7 0.72 0
outer loop
vertex 100 90 0
vertex 92 98 0
vertex 92 98 27
endloop
endfacet
facet normal 0.7 0.72 0
outer loop
vertex 100 90 0
vertex 92 98 27
vertex 100 90 27
endloop
endfacet
facet normal -0.72 0.7 0
outer loop
vertex 92 98 0
vertex 84 89 0
vertex 84 89 27
endloop
endfacet
facet normal -0.72 0.7 0
outer loop
vertex 92 98 0
vertex 84 89 27
vertex 92 98 27
endloop
endfacet
facet normal -0.7 -0.72 0
outer loop
vertex 84 89 0
vertex 92 81 0
vertex 92 81 27
endloop
endfacet
facet normal -0.7 -0.72 0
outer loop
vertex 84 89 0
vertex 92 81 27
vertex 84 89 27
endloop
endfacet
facet normal 0.72 -0.7 0
outer loop
vertex 92 81 0
vertex 100 90 0
vertex 100 90 27
endloop
endfacet
facet normal 0.72 -0.7 0
outer loop
vertex 92 81 0
vertex 100 90 27
vertex 92 81 27
endloop
endfacet
facet normal 0 0 1
outer loop
vertex -102 -89 27
vertex -93 -97 27
vertex -85 -89 27
endloop
endfacet
facet normal 0 0 1
outer loop
vertex -102 -89 27
vertex -85 -89 27
vertex -94 -80 27
endloop
endfacet
facet normal -0.69 -0.73 0
outer loop
vertex -102 -89 0
vertex -93 -97 0
vertex -93 -97 27
endloop
endfacet
facet normal -0.69 -0.73 0
outer loop
vertex -102 -89 0
vertex -93 -97 27
vertex -102 -89 27
endloop
endfacet
facet normal 0.73 -0.69 0
outer loop
vertex -93 -97 0
vertex -85 -89 0
vertex -85 -89 27
endloop
endfacet
facet normal 0.73 -0.69 0
outer loop
vertex -93 -97 0
vertex -85 -89 27
vertex -93 -97 27
endloop
endfacet
facet normal 0.69 0.73 0
outer loop
vertex -85 -89 0
vertex -94 -80 0
vertex -94 -80 27
endloop
endfacet
facet normal 0.69 0.73 0
outer loop
vertex -85 -89 0
vertex -94 -80 27
vertex -85 -89 27
endloop
endfacet
facet normal -0.73 0.69 0
outer loop
vertex -94 -80 0
vertex -102 -89 0
vertex -102 -89 27
endloop
endfacet
facet normal -0.73 0.69 0
outer loop
vertex -94 -80 0
vertex -102 -89 27
vertex -94 -80 27
endloop
endfacet
facet normal 0 0 1
outer loop
vertex 107 87 27
vertex 98 95 27
vertex 90 86 27
endloop
endfacet
facet normal 0 0 1
outer loop
vertex 107 87 27
vertex 90 86 27
vertex 99 78 27
endloop
endfacet
facet normal 0.66 0.75 0
outer loop
vertex 107 87 0
vertex 98 95 0
vertex 98 95 27
endloop
endfacet
facet normal 0.66 0.75 0
outer loop
vertex 107 87 0
vertex 98 95 27
vertex 107 87 27
endloop
endfacet
facet normal -0.75 0.66 0
outer loop
vertex 98 95 0
vertex 90 86 0
vertex 90 86 27
endloop
endfacet
facet normal -0.75 0.66 0
outer loop
vertex 98 95 0
vertex 90 86 27
vertex 98 95 27
endloop
endfacet
facet normal -0.66 -0.75 0
outer loop
vertex 90 86 0
vertex 99 78 0
vertex 99 78 27
endloop
endfacet
facet normal -0.66 -0.75 0
outer loop
vertex 90 86 0
vertex 99 78 27
vertex 90 86 27
endloop
endfacet
facet normal 0.75 -0.66 0
outer loop
vertex 99 78 0
vertex 107 87 0
vertex 107 87 27
endloop
endfacet
facet normal 0.75 -0.66 0
outer loop
vertex 99 78 0
vertex 107 87 27
vertex 99 78 27
endloop
endfacet
facet normal 0 0 1
outer loop
vertex -109 -86 33
vertex -99 -94 33
vertex -92 -85 33
endloop
endfacet
facet normal 0 0 1
outer loop
vertex -109 -86 33
vertex -92 -85 33
vertex -101 -77 33
endloop
endfacet
facet normal -0.65 -0.76 0
outer loop
vertex -109 -86 0
vertex -99 -94 0
vertex -99 -94 33
endloop
endfacet
facet normal -0.65 -0.76 0
outer loop
vertex -109 -86 0
vertex -99 -94 33
vertex -109 -86 33
endloop
endfacet
facet normal 0.76 -0.65 0
outer loop
vertex -99 -94 0
vertex -92 -85 0
vertex -92 -85 33
endloop
endfacet
facet normal 0.76 -0.65 0
outer loop
vertex -99 -94 0
vertex -92 -85 33
vertex -99 -94 33
endloop
endfacet
facet normal 0.65 0.76 0
outer loop
vertex -92 -85 0
vertex -101 -77 0
vertex -101 -77 33
endloop
endfacet
facet normal 0.65 0.76 0
outer loop
vertex -92 -85 0
vertex -101 -77 33
vertex -92 -85 33
endloop
endfacet
facet normal -0.76 0.65 0
outer loop
vertex -101 -77 0
vertex -109 -86 0
vertex -109 -86 33
endloop
endfacet
facet normal -0.76 0.65 0
outer loop
vertex -101 -77 0
vertex -109 -86 33
vertex -101 -77 33
endloop
endfacet
facet normal 0 0 1
outer loop
vertex -115 -83 27
vertex -106 -91 27
vertex -98 -81 27
endloop
endfacet
facet normal 0 0 1
outer loop
vertex -115 -83 27
vertex -98 -81 27
vertex -108 -74 27
endloop
endfacet
facet normal -0.61 -0.79 0
outer loop
vertex -115 -83 0
vertex -106 -91 0
vertex -106 -91 27
endloop
endfacet
facet normal -0.61 -0.79 0
outer loop
vertex -115 -83 0
vertex -106 -91 27
vertex -115 -83 27
endloop
endfacet
facet normal 0.79 -0.61 0
outer loop
vertex -106 -91 0
vertex -98 -81 0
vertex -98 -81 27
endloop
endfacet
facet normal 0.79 -0.61 0
outer loop
vertex -106 -91 0
vertex -98 -81 27
vertex -106 -91 27
endloop
endfacet
facet normal 0.61 0.79 0
outer loop
vertex -98 -81 0
vertex -108 -74 0
vertex -108 -74 27
endloop
endfacet
facet normal 0.61 0.79 0
outer loop
vertex -98 -81 0
vertex -108 -74 27
vertex -98 -81 27
endloop
endfacet
facet normal -0.79 0.61 0
outer loop
vertex -108 -74 0
vertex -115 -83 0
vertex -115 -83 27
endloop
endfacet
facet normal -0.79 0.61 0
outer loop
vertex -108 -74 0
vertex -115 -83 27
vertex -108 -74 27
endloop
endfacet
facet normal 0 0 1
outer loop
vertex 123 79 27
vertex 113 86 27
vertex 106 76 27
endloop
endfacet
facet normal 0 0 1
outer loop
vertex 123 79 27
vertex 106 76 27
vertex 116 69 27
endloop
endfacet
facet normal 0.56 0.83 0
outer loop
vertex 123 79 0
vertex 113 86 0
vertex 113 86 27
endloop
endfacet
facet normal 0.56 0.83 0
outer loop
vertex 123 79 0
vertex 113 86 27
vertex 123 79 27
endloop
endfacet
facet normal -0.83 0.56 0
outer loop
vertex 113 86 0
vertex 106 76 0
vertex 106 76 27
endloop
endfacet
facet normal -0.83 0.56 0
outer loop
vertex 113 86 0
vertex 106 76 27
vertex 113 86 27
endloop
endfacet
facet normal -0.56 -0.83 0
outer loop
vertex 106 76 0
vertex 116 69 0
vertex 116 69 27
endloop
endfacet
facet normal -0.56 -0.83 0
outer loop
vertex 106 76 0
vertex 116 69 27
vertex 106 76 27
endloop
endfacet
facet normal 0.83 -0.56 0
outer loop
vertex 116 69 0
vertex 123 79 0
vertex 123 79 27
endloop
endfacet
facet normal 0.83 -0.56 0
outer loop
vertex 116 69 0
vertex 123 79 27
vertex 116 69 27
endloop
endfacet
facet normal 0 0 1
outer loop
vertex 126 77 27
vertex 116 84 27
vertex 110 74 27
endloop
endfacet
facet normal 0 0 1
outer loop
vertex 126 77 27
vertex 110 74 27
vertex 120 67 27
endloop
endfacet
facet normal 0.54 0.84 0
outer loop
vertex 126 77 0
vertex 116 84 0
vertex 116 84 27
endloop
endfacet
facet normal 0.54 0.84 0
outer loop
vertex 126 77 0
vertex 116 84 27
vertex 126 77 27
endloop
endfacet
facet normal -0.84 0.54 0
outer loop
vertex 116 84 0
vertex 110 74 0
vertex 110 74 27
endloop
endfacet
facet normal -0.84 0.54 0
outer loop
vertex 116 84 0
vertex 110 74 27
vertex 116 84 27
endloop
endfacet
facet normal -0.54 -0.84 0
outer loop
vertex 110 74 0
vertex 120 67 0
vertex 120 67 27
endloop
endfacet
facet normal -0.54 -0.84 0
outer loop
vertex 110 74 0
vertex 120 67 27
vertex 110 74 27
endloop
endfacet
facet normal 0.84 -0.54 0
outer loop
vertex 120 67 0
vertex 126 77 0
vertex 126 77 27
endloop
endfacet
facet normal 0.84 -0.54 0
outer loop
vertex 120 67 0
vertex 126 77 27
vertex 120 67 27
endloop
endfacet
facet normal 0 0 1
outer loop
vertex -134 -72 27
vertex -123 -78 27
vertex -118 -67 27
endloop
endfacet
facet normal 0 0 1
outer loop
vertex -134 -72 27
vertex -118 -67 27
vertex -128 -62 27
endloop
endfacet
facet normal -0.49 -0.87 0
outer loop
vertex -134 -72 0
vertex -123 -78 0
vertex -123 -78 27
endloop
endfacet
facet normal -0.49 -0.87 0
outer loop
vertex -134 -72 0
vertex -123 -78 27
vertex -134 -72 27
endloop
endfacet
facet normal 0.87 -0.49 0
outer loop
vertex -123 -78 0
vertex -118 -67 0
vertex -118 -67 27
endloop
endfacet
facet normal 0.87 -0.49 0
outer loop
vertex -123 -78 0
vertex -118 -67 27
vertex -123 -78 27
endloop
endfacet
facet normal 0.49 0.87 0
outer loop
vertex -118 -67 0
vertex -128 -62 0
vertex -128 -62 27
endloop
endfacet
facet normal 0.49 0.87 0
outer loop
vertex -118 -67 0
vertex -128 -62 27
vertex -118 -67 27
endloop
endfacet
facet normal -0.87 0.49 0
outer loop
vertex -128 -62 0
vertex -134 -72 0
vertex -134 -72 27
endloop
endfacet
facet normal -0.87 0.49 0
outer loop
vertex -128 -62 0
vertex -134 -72 27
vertex -128 -62 27
endloop
endfacet
facet normal 0 0 1
outer loop
vertex 153 55 27
vertex 142 59 27
vertex 138 48 27
endloop
endfacet
facet normal 0 0 1
outer loop
vertex 153 55 27
vertex 138 48 27
vertex 149 44 27
endloop
endfacet
facet normal 0.34 0.94 0
outer loop
vertex 153 55 0
vertex 142 59 0
vertex 142 59 27
endloop
endfacet
facet normal 0.34 0.94 0
outer loop
vertex 153 55 0
vertex 142 59 27
vertex 153 55 27
endloop
endfacet
facet normal -0.94 0.34 0
outer loop
vertex 142 59 0
vertex 138 48 0
vertex 138 48 27
endloop
endfacet
facet normal -0.94 0.34 0
outer loop
vertex 142 59 0
vertex 138 48 27
vertex 142 59 27
endloop
endfacet
facet normal -0.34 -0.94 0
outer loop
vertex 138 48 0
vertex 149 44 0
vertex 149 44 27
endloop
endfacet
facet normal -0.34 -0.94 0
outer loop
vertex 138 48 0
vertex 149 44 27
vertex 138 48 27
endloop
endfacet
facet normal 0.94 -0.34 0
outer loop
vertex 149 44 0
vertex 153 55 0
vertex 153 55 27
endloop
endfacet
facet normal 0.94 -0.34 0
outer loop
vertex 149 44 0
vertex 153 55 27
vertex 149 44 27
endloop
endfacet
facet normal 0 0 1
outer loop
vertex 169 36 33
vertex 157 38 33
vertex 154 26 33
endloop
endfacet
facet normal 0 0 1
outer loop
vertex 169 36 33
vertex 154 26 33
vertex 166 24 33
endloop
endfacet
facet normal 0.19 0.98 0
outer loop
vertex 169 36 0
vertex 157 38 0
vertex 157 38 33
endloop
endfacet
facet normal 0.19 0.98 0
outer loop
vertex 169 36 0
vertex 157 38 33
vertex 169 36 33
endloop
endfacet
facet normal -0.98 0.19 0
outer loop
vertex 157 38 0
vertex 154 26 0
vertex 154 26 33
endloop
endfacet
facet normal -0.98 0.19 0
outer loop
vertex 157 38 0
vertex 154 26 33
vertex 157 38 33
endloop
endfacet
facet normal -0.19 -0.98 0
outer loop
vertex 154 26 0
vertex 166 24 0
vertex 166 24 33
endloop
endfacet
facet normal -0.19 -0.98 0
outer loop
vertex 154 26 0
vertex 166 24 33
vertex 154 26 33
endloop
endfacet
facet normal 0.98 -0.19 0
outer loop
vertex 166 24 0
vertex 169 36 0
vertex 169 36 33
endloop
endfacet
facet normal 0.98 -0.19 0
outer loop
vertex 166 24 0
vertex 169 36 33
vertex 166 24 33
endloop
endfacet
facet normal 0 0 1
outer loop
vertex -174 -32 99
vertex -159 -34 99
vertex -157 -19 99
endloop
endfacet
facet normal 0 0 1
outer loop
vertex -174 -32 99
vertex -157 -19 99
vertex -171 -17 99
endloop
endfacet
facet normal -0.15 -0.99 0
outer loop
vertex -174 -32 0
vertex -159 -34 0
vertex -159 -34 99
endloop
endfacet
facet normal -0.15 -0.99 0
outer loop
vertex -174 -32 0
vertex -159 -34 99
vertex -174 -32 99
endloop
endfacet
facet normal 0.99 -0.15 0
outer loop
vertex -159 -34 0
vertex -157 -19 0
vertex -157 -19 99
endloop
endfacet
facet normal 0.99 -0.15 0
outer loop
vertex -159 -34 0
vertex -157 -19 99
vertex -159 -34 99
endloop
endfacet
facet normal 0.15 0.99 0
outer loop
vertex -157 -19 0
vertex -171 -17 0
vertex -171 -17 99
endloop
endfacet
facet normal 0.15 0.99 0
outer loop
vertex -157 -19 0
vertex -171 -17 99
vertex -157 -19 99
endloop
endfacet
facet normal -0.99 0.15 0
outer loop
vertex -171 -17 0
vertex -174 -32 0
vertex -174 -32 99
endloop
endfacet
facet normal -0.99 0.15 0
outer loop
vertex -171 -17 0
vertex -174 -32 99
vertex -171 -17 99
endloop
endfacet
facet normal 0 0 1
outer loop
vertex 173 29 39
vertex 161 30 39
vertex 159 18 39
endloop
endfacet
facet normal 0 0 1
outer loop
vertex 173 29 39
vertex 159 18 39
vertex 172 16 39
endloop
endfacet
facet normal 0.14 0.99 0
outer loop
vertex 173 29 0
vertex 161 30 0
vertex 161 30 39
endloop
endfacet
facet normal 0.14 0.99 0
outer loop
vertex 173 29 0
vertex 161 30 39
vertex 173 29 39
endloop
endfacet
facet normal -0.99 0.14 0
outer loop
vertex 161 30 0
vertex 159 18 0
vertex 159 18 39
endloop
endfacet
facet normal -0.99 0.14 0
outer loop
vertex 161 30 0
vertex 159 18 39
vertex 161 30 39
endloop
endfacet
facet normal -0.14 -0.99 0
outer loop
vertex 159 18 0
vertex 172 16 0
vertex 172 16 39
endloop
endfacet
facet normal -0.14 -0.99 0
outer loop
vertex 159 18 0
vertex 172 16 39
vertex 159 18 39
endloop
endfacet
facet normal 0.99 -0.14 0
outer loop
vertex 172 16 0
vertex 173 29 0
vertex 173 29 39
endloop
endfacet
facet normal 0.99 -0.14 0
outer loop
vertex 172 16 0
vertex 173 29 39
vertex 172 16 39
endloop
endfacet
facet normal 0 0 1
outer loop
vertex -177 -29 172
vertex -160 -31 172
vertex -158 -14 172
endloop
endfacet
facet normal 0 0 1
outer loop
vertex -177 -29 172
vertex -158 -14 172
vertex -175 -12 172
endloop
endfacet
facet normal -0.13 -0.99 0
outer loop
vertex -177 -29 0
vertex -160 -31 0
vertex -160 -31 172
endloop
endfacet
facet normal -0.13 -0.99 0
outer loop
vertex -177 -29 0
vertex -160 -31 172
vertex -177 -29 172
endloop
endfacet
facet normal 0.99 -0.13 0
outer loop
vertex -160 -31 0
vertex -158 -14 0
vertex -158 -14 172
endloop
endfacet
facet normal 0.99 -0.13 0
outer loop
vertex -160 -31 0
vertex -158 -14 172
vertex -160 -31 172
endloop
endfacet
facet normal 0.13 0.99 0
outer loop
vertex -158 -14 0
vertex -175 -12 0
vertex -175 -12 172
endloop
endfacet
facet normal 0.13 0.99 0
outer loop
vertex -158 -14 0
vertex -175 -12 172
vertex -158 -14 172
endloop
endfacet
facet normal -0.99 0.13 0
outer loop
vertex -175 -12 0
vertex -177 -29 0
vertex -177 -29 172
endloop
endfacet
facet normal -0.99 0.13 0
outer loop
vertex -175 -12 0
vertex -177 -29 172
vertex -175 -12 172
endloop
endfacet
facet normal 0 0 1
outer loop
vertex 176 25 43
vertex 163 26 43
vertex 162 14 43
endloop
endfacet
facet normal 0 0 1
outer loop
vertex 176 25 43
vertex 162 14 43
vertex 174 12 43
endloop
endfacet
facet normal 0.11 0.99 0
outer loop
vertex 176 25 0
vertex 163 26 0
vertex 163 26 43
endloop
endfacet
facet normal 0.11 0.99 0
outer loop
vertex 176 25 0
vertex 163 26 43
vertex 176 25 43
endloop
endfacet
facet normal -0.99 0.11 0
outer loop
vertex 163 26 0
vertex 162 14 0
vertex 162 14 43
endloop
endfacet
facet normal -0.99 0.11 0
outer loop
vertex 163 26 0
vertex 162 14 43
vertex 163 26 43
endloop
endfacet
facet normal -0.11 -0.99 0
outer loop
vertex 162 14 0
vertex 174 12 0
vertex 174 12 43
endloop
endfacet
facet normal -0.11 -0.99 0
outer loop
vertex 162 14 0
vertex 174 12 43
vertex 162 14 43
endloop
endfacet
facet normal 0.99 -0.11 0
outer loop
vertex 174 12 0
vertex 176 25 0
vertex 176 25 43
endloop
endfacet
facet normal 0.99 -0.11 0
outer loop
vertex 174 12 0
vertex 176 25 43
vertex 174 12 43
endloop
endfacet
facet normal 0 0 1
outer loop
vertex -179 -25 128
vertex -163 -26 128
vertex -161 -10 128
endloop
endfacet
facet normal 0 0 1
outer loop
vertex -179 -25 128
vertex -161 -10 128
vertex -177 -9 128
endloop
endfacet
facet normal -0.1 -0.99 0
outer loop
vertex -179 -25 0
vertex -163 -26 0
vertex -163 -26 128
endloop
endfacet
facet normal -0.1 -0.99 0
outer loop
vertex -179 -25 0
vertex -163 -26 128
vertex -179 -25 128
endloop
endfacet
facet normal 0.99 -0.1 0
outer loop
vertex -163 -26 0
vertex -161 -10 0
vertex -161 -10 128
endloop
endfacet
facet normal 0.99 -0.1 0
outer loop
vertex -163 -26 0
vertex -161 -10 128
vertex -163 -26 128
endloop
endfacet
facet normal 0.1 0.99 0
outer loop
vertex -161 -10 0
vertex -177 -9 0
vertex -177 -9 128
endloop
endfacet
facet normal 0.1 0.99 0
outer loop
vertex -161 -10 0
vertex -177 -9 128
vertex -161 -10 128
endloop
endfacet
facet normal -0.99 0.1 0
outer loop
vertex -177 -9 0
vertex -179 -25 0
vertex -179 -25 128
endloop
endfacet
facet normal -0.99 0.1 0
outer loop
vertex -177 -9 0
vertex -179 -25 128
vertex -177 -9 128
endloop
endfacet
facet normal 0 0 1
outer loop
vertex 178 21 47
vertex 165 22 47
vertex 164 10 47
endloop
endfacet
facet normal 0 0 1
outer loop
vertex 178 21 47
vertex 164 10 47
vertex 177 8 47
endloop
endfacet
facet normal 0.09 1 0
outer loop
vertex 178 21 0
vertex 165 22 0
vertex 165 22 47
endloop
endfacet
facet normal 0.09 1 0
outer loop
vertex 178 21 0
vertex 165 22 47
vertex 178 21 47
endloop
endfacet
facet normal -1 0.09 0
outer loop
vertex 165 22 0
vertex 164 10 0
vertex 164 10 47
endloop
endfacet
facet normal -1 0.09 0
outer loop
vertex 165 22 0
vertex 164 10 47
vertex 165 22 47
endloop
endfacet
facet normal -0.09 -1 0
outer loop
vertex 164 10 0
vertex 177 8 0
vertex 177 8 47
endloop
endfacet
facet normal -0.09 -1 0
outer loop
vertex 164 10 0
vertex 177 8 47
vertex 164 10 47
endloop
endfacet
facet normal 1 -0.09 0
outer loop
vertex 177 8 0
vertex 178 21 0
vertex 178 21 47
endloop
endfacet
facet normal 1 -0.09 0
outer loop
vertex 177 8 0
vertex 178 21 47
vertex 177 8 47
endloop
endfacet
facet normal 0 0 1
outer loop
vertex -179 -19 33
vertex -166 -20 33
vertex -166 -8 33
endloop
endfacet
facet normal 0 0 1
outer loop
vertex -179 -19 33
vertex -166 -8 33
vertex -178 -7 33
endloop
endfacet
facet normal -0.08 -1 0
outer loop
vertex -179 -19 0
vertex -166 -20 0
vertex -166 -20 33
endloop
endfacet
facet normal -0.08 -1 0
outer loop
vertex -179 -19 0
vertex -166 -20 33
vertex -179 -19 33
endloop
endfacet
facet normal 1 -0.08 0
outer loop
vertex -166 -20 0
vertex -166 -8 0
vertex -166 -8 33
endloop
endfacet
facet normal 1 -0.08 0
outer loop
vertex -166 -20 0
vertex -166 -8 33
vertex -166 -20 33
endloop
endfacet
facet normal 0.08 1 0
outer loop
vertex -166 -8 0
vertex -178 -7 0
vertex -178 -7 33
endloop
endfacet
facet normal 0.08 1 0
outer loop
vertex -166 -8 0
vertex -178 -7 33
vertex -166 -8 33
endloop
endfacet
facet normal -1 0.08 0
outer loop
vertex -178 -7 0
vertex -179 -19 0
vertex -179 -19 33
endloop
endfacet
facet normal -1 0.08 0
outer loop
vertex -178 -7 0
vertex -179 -19 33
vertex -178 -7 33
endloop
endfacet
facet normal 0 0 1
outer loop
vertex 180 17 47
vertex 167 18 47
vertex 166 5 47
endloop
endfacet
facet normal 0 0 1
outer loop
vertex 180 17 47
vertex 166 5 47
vertex 179 4 47
endloop
endfacet
facet normal 0.06 1 0
outer loop
vertex 180 17 0
vertex 167 18 0
vertex 167 18 47
endloop
endfacet
facet normal 0.06 1 0
outer loop
vertex 180 17 0
vertex 167 18 47
vertex 180 17 47
endloop
endfacet
facet normal -1 0.06 0
outer loop
vertex 167 18 0
vertex 166 5 0
vertex 166 5 47
endloop
endfacet
facet normal -1 0.06 0
outer loop
vertex 167 18 0
vertex 166 5 47
vertex 167 18 47
endloop
endfacet
facet normal -0.06 -1 0
outer loop
vertex 166 5 0
vertex 179 4 0
vertex 179 4 47
endloop
endfacet
facet normal -0.06 -1 0
outer loop
vertex 166 5 0
vertex 179 4 47
vertex 166 5 47
endloop
endfacet
facet normal 1 -0.06 0
outer loop
vertex 179 4 0
vertex 180 17 0
vertex 180 17 47
endloop
endfacet
facet normal 1 -0.06 0
outer loop
vertex 179 4 0
vertex 180 17 47
vertex 179 4 47
endloop
endfacet
facet normal 0 0 1
outer loop
vertex -181 -15 51
vertex -168 -16 51
vertex -167 -3 51
endloop
endfacet
facet normal 0 0 1
outer loop
vertex -181 -15 51
vertex -167 -3 51
vertex -180 -2 51
endloop
endfacet
facet normal -0.05 -1 0
outer loop
vertex -181 -15 0
vertex -168 -16 0
vertex -168 -16 51
endloop
endfacet
facet normal -0.05 -1 0
outer loop
vertex -181 -15 0
vertex -168 -16 51
vertex -181 -15 51
endloop
endfacet
facet normal 1 -0.05 0
outer loop
vertex -168 -16 0
vertex -167 -3 0
vertex -167 -3 51
endloop
endfacet
facet normal 1 -0.05 0
outer loop
vertex -168 -16 0
vertex -167 -3 51
vertex -168 -16 51
endloop
endfacet
facet normal 0.05 1 0
outer loop
vertex -167 -3 0
vertex -180 -2 0
vertex -180 -2 51
endloop
endfacet
facet normal 0.05 1 0
outer loop
vertex -167 -3 0
vertex -180 -2 51
vertex -167 -3 51
endloop
endfacet
facet normal -1 0.05 0
outer loop
vertex -180 -2 0
vertex -181 -15 0
vertex -181 -15 51
endloop
endfacet
facet normal -1 0.05 0
outer loop
vertex -180 -2 0
vertex -181 -15 51
vertex -180 -2 51
endloop
endfacet
facet normal 0 0 1
outer loop
vertex 181 13 27
vertex 170 13 27
vertex 169 1 27
endloop
endfacet
facet normal 0 0 1
outer loop
vertex 181 13 27
vertex 169 1 27
vertex 181 1 27
endloop
endfacet
facet normal 0.04 1 0
outer loop
vertex 181 13 0
vertex 170 13 0
vertex 170 13 27
endloop
endfacet
facet normal 0.04 1 0
outer loop
vertex 181 13 0
vertex 170 13 27
vertex 181 13 27
endloop
endfacet
facet normal -1 0.04 0
outer loop
vertex 170 13 0
vertex 169 1 0
vertex 169 1 27
endloop
endfacet
facet normal -1 0.04 0
outer loop
vertex 170 13 0
vertex 169 1 27
vertex 170 13 27
endloop
endfacet
facet normal -0.04 -1 0
outer loop
vertex 169 1 0
vertex 181 1 0
vertex 181 1 27
endloop
endfacet
facet normal -0.04 -1 0
outer loop
vertex 169 1 0
vertex 181 1 27
vertex 169 1 27
endloop
endfacet
facet normal 1 -0.04 0
outer loop
vertex 181 1 0
vertex 181 13 0
vertex 181 13 27
endloop
endfacet
facet normal 1 -0.04 0
outer loop
vertex 181 1 0
vertex 181 13 27
vertex 181 1 27
endloop
endfacet
facet normal 0 0 1
outer loop
vertex -183 -11 54
vertex -170 -11 54
vertex -170 2 54
endloop
endfacet
facet normal 0 0 1
outer loop
vertex -183 -11 54
vertex -170 2 54
vertex -183 2 54
endloop
endfacet
facet normal -0.03 -1 0
outer loop
vertex -183 -11 0
vertex -170 -11 0
vertex -170 -11 54
endloop
endfacet
facet normal -0.03 -1 0
outer loop
vertex -183 -11 0
vertex -170 -11 54
vertex -183 -11 54
endloop
endfacet
facet normal 1 -0.03 0
outer loop
vertex -170 -11 0
vertex -170 2 0
vertex -170 2 54
endloop
endfacet
facet normal 1 -0.03 0
outer loop
vertex -170 -11 0
vertex -170 2 54
vertex -170 -11 54
endloop
endfacet
facet normal 0.03 1 0
outer loop
vertex -170 2 0
vertex -183 2 0
vertex -183 2 54
endloop
endfacet
facet normal 0.03 1 0
outer loop
vertex -170 2 0
vertex -183 2 54
vertex -170 2 54
endloop
endfacet
facet normal -1 0.03 0
outer loop
vertex -183 2 0
vertex -183 -11 0
vertex -183 -11 54
endloop
endfacet
facet normal -1 0.03 0
outer loop
vertex -183 2 0
vertex -183 -11 54
vertex -183 2 54
endloop
endfacet
facet normal 0 0 1
outer loop
vertex 185 4 39
vertex 173 4 39
vertex 173 -8 39
endloop
endfacet
facet normal 0 0 1
outer loop
vertex 185 4 39
vertex 173 -8 39
vertex 185 -8 39
endloop
endfacet
facet normal -0.01 1 0
outer loop
vertex 185 4 0
vertex 173 4 0
vertex 173 4 39
endloop
endfacet
facet normal -0.01 1 0
outer loop
vertex 185 4 0
vertex 173 4 39
vertex 185 4 39
endloop
endfacet
facet normal -1 -0.01 0
outer loop
vertex 173 4 0
vertex 173 -8 0
vertex 173 -8 39
endloop
endfacet
facet normal -1 -0.01 0
outer loop
vertex 173 4 0
vertex 173 -8 39
vertex 173 4 39
endloop
endfacet
facet normal 0.01 -1 0
outer loop
vertex 173 -8 0
vertex 185 -8 0
vertex 185 -8 39
endloop
endfacet
facet normal 0.01 -1 0
outer loop
vertex 173 -8 0
vertex 185 -8 39
vertex 173 -8 39
endloop
endfacet
facet normal 1 0.01 0
outer loop
vertex 185 -8 0
vertex 185 4 0
vertex 185 4 39
endloop
endfacet
facet normal 1 0.01 0
outer loop
vertex 185 -8 0
vertex 185 4 39
vertex 185 -8 39
endloop
endfacet
facet normal 0 0 1
outer loop
vertex -186 -2 47
vertex -174 -2 47
vertex -174 11 47
endloop
endfacet
facet normal 0 0 1
outer loop
vertex -186 -2 47
vertex -174 11 47
vertex -187 11 47
endloop
endfacet
facet normal 0.02 -1 0
outer loop
vertex -186 -2 0
vertex -174 -2 0
vertex -174 -2 47
endloop
endfacet
facet normal 0.02 -1 0
outer loop
vertex -186 -2 0
vertex -174 -2 47
vertex -186 -2 47
endloop
endfacet
facet normal 1 0.02 0
outer loop
vertex -174 -2 0
vertex -174 11 0
vertex -174 11 47
endloop
endfacet
facet normal 1 0.02 0
outer loop
vertex -174 -2 0
vertex -174 11 47
vertex -174 -2 47
endloop
endfacet
facet normal -0.02 1 0
outer loop
vertex -174 11 0
vertex -187 11 0
vertex -187 11 47
endloop
endfacet
facet normal -0.02 1 0
outer loop
vertex -174 11 0
vertex -187 11 47
vertex -174 11 47
endloop
endfacet
facet normal -1 -0.02 0
outer loop
vertex -187 11 0
vertex -186 -2 0
vertex -186 -2 47
endloop
endfacet
facet normal -1 -0.02 0
outer loop
vertex -187 11 0
vertex -186 -2 47
vertex -187 11 47
endloop
endfacet
facet normal 0 0 1
outer loop
vertex 187 0 47
vertex 174 -1 47
vertex 175 -13 47
endloop
endfacet
facet normal 0 0 1
outer loop
vertex 187 0 47
vertex 175 -13 47
vertex 188 -13 47
endloop
endfacet
facet normal -0.04 1 0
outer loop
vertex 187 0 0
vertex 174 -1 0
vertex 174 -1 47
endloop
endfacet
facet normal -0.04 1 0
outer loop
vertex 187 0 0
vertex 174 -1 47
vertex 187 0 47
endloop
endfacet
facet normal -1 -0.04 0
outer loop
vertex 174 -1 0
vertex 175 -13 0
vertex 175 -13 47
endloop
endfacet
facet normal -1 -0.04 0
outer loop
vertex 174 -1 0
vertex 175 -13 47
vertex 174 -1 47
endloop
endfacet
facet normal 0.04 -1 0
outer loop
vertex 175 -13 0
vertex 188 -13 0
vertex 188 -13 47
endloop
endfacet
facet normal 0.04 -1 0
outer loop
vertex 175 -13 0
vertex 188 -13 47
vertex 175 -13 47
endloop
endfacet
facet normal 1 0.04 0
outer loop
vertex 188 -13 0
vertex 187 0 0
vertex 187 0 47
endloop
endfacet
facet normal 1 0.04 0
outer loop
vertex 188 -13 0
vertex 187 0 47
vertex 188 -13 47
endloop
endfacet
facet normal 0 0 1
outer loop
vertex -188 3 27
vertex -176 3 27
vertex -176 15 27
endloop
endfacet
facet normal 0 0 1
outer loop
vertex -188 3 27
vertex -176 15 27
vertex -188 15 27
endloop
endfacet
facet normal 0.05 -1 0
outer loop
vertex -188 3 0
vertex -176 3 0
vertex -176 3 27
endloop
endfacet
facet normal 0.05 -1 0
outer loop
vertex -188 3 0
vertex -176 3 27
vertex -188 3 27
endloop
endfacet
facet normal 1 0.05 0
outer loop
vertex -176 3 0
vertex -176 15 0
vertex -176 15 27
endloop
endfacet
facet normal 1 0.05 0
outer loop
vertex -176 3 0
vertex -176 15 27
vertex -176 3 27
endloop
endfacet
facet normal -0.05 1 0
outer loop
vertex -176 15 0
vertex -188 15 0
vertex -188 15 27
endloop
endfacet
facet normal -0.05 1 0
outer loop
vertex -176 15 0
vertex -188 15 27
vertex -176 15 27
endloop
endfacet
facet normal -1 -0.05 0
outer loop
vertex -188 15 0
vertex -188 3 0
vertex -188 3 27
endloop
endfacet
facet normal -1 -0.05 0
outer loop
vertex -188 15 0
vertex -188 3 27
vertex -188 15 27
endloop
endfacet
facet normal 0 0 1
outer loop
vertex 188 -5 33
vertex 176 -6 33
vertex 177 -18 33
endloop
endfacet
facet normal 0 0 1
outer loop
vertex 188 -5 33
vertex 177 -18 33
vertex 189 -17 33
endloop
endfacet
facet normal -0.06 1 0
outer loop
vertex 188 -5 0
vertex 176 -6 0
vertex 176 -6 33
endloop
endfacet
facet normal -0.06 1 0
outer loop
vertex 188 -5 0
vertex 176 -6 33
vertex 188 -5 33
endloop
endfacet
facet normal -1 -0.06 0
outer loop
vertex 176 -6 0
vertex 177 -18 0
vertex 177 -18 33
endloop
endfacet
facet normal -1 -0.06 0
outer loop
vertex 176 -6 0
vertex 177 -18 33
vertex 176 -6 33
endloop
endfacet
facet normal 0.06 -1 0
outer loop
vertex 177 -18 0
vertex 189 -17 0
vertex 189 -17 33
endloop
endfacet
facet normal 0.06 -1 0
outer loop
vertex 177 -18 0
vertex 189 -17 33
vertex 177 -18 33
endloop
endfacet
facet normal 1 0.06 0
outer loop
vertex 189 -17 0
vertex 188 -5 0
vertex 188 -5 33
endloop
endfacet
facet normal 1 0.06 0
outer loop
vertex 189 -17 0
vertex 188 -5 33
vertex 189 -17 33
endloop
endfacet
facet normal 0 0 1
outer loop
vertex -192 11 88
vertex -177 12 88
vertex -179 26 88
endloop
endfacet
facet normal 0 0 1
outer loop
vertex -192 11 88
vertex -179 26 88
vertex -193 25 88
endloop
endfacet
facet normal 0.1 -1 0
outer loop
vertex -192 11 0
vertex -177 12 0
vertex -177 12 88
endloop
endfacet
facet normal 0.1 -1 0
outer loop
vertex -192 11 0
vertex -177 12 88
vertex -192 11 88
endloop
endfacet
facet normal 1 0.1 0
outer loop
vertex -177 12 0
vertex -179 26 0
vertex -179 26 88
endloop
endfacet
facet normal 1 0.1 0
outer loop
vertex -177 12 0
vertex -179 26 88
vertex -177 12 88
endloop
endfacet
facet normal -0.1 1 0
outer loop
vertex -179 26 0
vertex -193 25 0
vertex -193 25 88
endloop
endfacet
facet normal -0.1 1 0
outer loop
vertex -179 26 0
vertex -193 25 88
vertex -179 26 88
endloop
endfacet
facet normal -1 -0.1 0
outer loop
vertex -193 25 0
vertex -192 11 0
vertex -192 11 88
endloop
endfacet
facet normal -1 -0.1 0
outer loop
vertex -193 25 0
vertex -192 11 88
vertex -193 25 88
endloop
endfacet
facet normal 0 0 1
outer loop
vertex 191 -14 33
vertex 179 -16 33
vertex 181 -28 33
endloop
endfacet
facet normal 0 0 1
outer loop
vertex 191 -14 33
vertex 181 -28 33
vertex 193 -26 33
endloop
endfacet
facet normal -0.11 0.99 0
outer loop
vertex 191 -14 0
vertex 179 -16 0
vertex 179 -16 33
endloop
endfacet
facet normal -0.11 0.99 0
outer loop
vertex 191 -14 0
vertex 179 -16 33
vertex 191 -14 33
endloop
endfacet
facet normal -0.99 -0.11 0
outer loop
vertex 179 -16 0
vertex 181 -28 0
vertex 181 -28 33
endloop
endfacet
facet normal -0.99 -0.11 0
outer loop
vertex 179 -16 0
vertex 181 -28 33
vertex 179 -16 33
endloop
endfacet
facet normal 0.11 -0.99 0
outer loop
vertex 181 -28 0
vertex 193 -26 0
vertex 193 -26 33
endloop
endfacet
facet normal 0.11 -0.99 0
outer loop
vertex 181 -28 0
vertex 193 -26 33
vertex 181 -28 33
endloop
endfacet
facet normal 0.99 0.11 0
outer loop
vertex 193 -26 0
vertex 191 -14 0
vertex 191 -14 33
endloop
endfacet
facet normal 0.99 0.11 0
outer loop
vertex 193 -26 0
vertex 191 -14 33
vertex 193 -26 33
endloop
endfacet
facet normal 0 0 1
outer loop
vertex -193 15 104
vertex -178 17 104
vertex -180 32 104
endloop
endfacet
facet normal 0 0 1
outer loop
vertex -193 15 104
vertex -180 32 104
vertex -195 30 104
endloop
endfacet
facet normal 0.12 -0.99 0
outer loop
vertex -193 15 0
vertex -178 17 0
vertex -178 17 104
endloop
endfacet
facet normal 0.12 -0.99 0
outer loop
vertex -193 15 0
vertex -178 17 104
vertex -193 15 104
endloop
endfacet
facet normal 0.99 0.12 0
outer loop
vertex -178 17 0
vertex -180 32 0
vertex -180 32 104
endloop
endfacet
facet normal 0.99 0.12 0
outer loop
vertex -178 17 0
vertex -180 32 104
vertex -178 17 104
endloop
endfacet
facet normal -0.12 0.99 0
outer loop
vertex -180 32 0
vertex -195 30 0
vertex -195 30 104
endloop
endfacet
facet normal -0.12 0.99 0
outer loop
vertex -180 32 0
vertex -195 30 104
vertex -180 32 104
endloop
endfacet
facet normal -0.99 -0.12 0
outer loop
vertex -195 30 0
vertex -193 15 0
vertex -193 15 104
endloop
endfacet
facet normal -0.99 -0.12 0
outer loop
vertex -195 30 0
vertex -193 15 104
vertex -195 30 104
endloop
endfacet
facet normal 0 0 1
outer loop
vertex 193 -18 78
vertex 179 -20 78
vertex 181 -34 78
endloop
endfacet
facet normal 0 0 1
outer loop
vertex 193 -18 78
vertex 181 -34 78
vertex 195 -32 78
endloop
endfacet
facet normal -0.14 0.99 0
outer loop
vertex 193 -18 0
vertex 179 -20 0
vertex 179 -20 78
endloop
endfacet
facet normal -0.14 0.99 0
outer loop
vertex 193 -18 0
vertex 179 -20 78
vertex 193 -18 78
endloop
endfacet
facet normal -0.99 -0.14 0
outer loop
vertex 179 -20 0
vertex 181 -34 0
vertex 181 -34 78
endloop
endfacet
facet normal -0.99 -0.14 0
outer loop
vertex 179 -20 0
vertex 181 -34 78
vertex 179 -20 78
endloop
endfacet
facet normal 0.14 -0.99 0
outer loop
vertex 181 -34 0
vertex 195 -32 0
vertex 195 -32 78
endloop
endfacet
facet normal 0.14 -0.99 0
outer loop
vertex 181 -34 0
vertex 195 -32 78
vertex 181 -34 78
endloop
endfacet
facet normal 0.99 0.14 0
outer loop
vertex 195 -32 0
vertex 193 -18 0
vertex 193 -18 78
endloop
endfacet
facet normal 0.99 0.14 0
outer loop
vertex 195 -32 0
vertex 193 -18 78
vertex 195 -32 78
endloop
endfacet
facet normal 0 0 1
outer loop
vertex 195 -29 33
vertex 183 -31 33
vertex 185 -43 33
endloop
endfacet
facet normal 0 0 1
outer loop
vertex 195 -29 33
vertex 185 -43 33
vertex 197 -41 33
endloop
endfacet
facet normal -0.19 0.98 0
outer loop
vertex 195 -29 0
vertex 183 -31 0
vertex 183 -31 33
endloop
endfacet
facet normal -0.19 0.98 0
outer loop
vertex 195 -29 0
vertex 183 -31 33
vertex 195 -29 33
endloop
endfacet
facet normal -0.98 -0.19 0
outer loop
vertex 183 -31 0
vertex 185 -43 0
vertex 185 -43 33
endloop
endfacet
facet normal -0.98 -0.19 0
outer loop
vertex 183 -31 0
vertex 185 -43 33
vertex 183 -31 33
endloop
endfacet
facet normal 0.19 -0.98 0
outer loop
vertex 185 -43 0
vertex 197 -41 0
vertex 197 -41 33
endloop
endfacet
facet normal 0.19 -0.98 0
outer loop
vertex 185 -43 0
vertex 197 -41 33
vertex 185 -43 33
endloop
endfacet
facet normal 0.98 0.19 0
outer loop
vertex 197 -41 0
vertex 195 -29 0
vertex 195 -29 33
endloop
endfacet
facet normal 0.98 0.19 0
outer loop
vertex 197 -41 0
vertex 195 -29 33
vertex 197 -41 33
endloop
endfacet
facet normal 0 0 1
outer loop
vertex -195 31 47
vertex -183 34 47
vertex -185 46 47
endloop
endfacet
facet normal 0 0 1
outer loop
vertex -195 31 47
vertex -185 46 47
vertex -198 44 47
endloop
endfacet
facet normal 0.2 -0.98 0
outer loop
vertex -195 31 0
vertex -183 34 0
vertex -183 34 47
endloop
endfacet
facet normal 0.2 -0.98 0
outer loop
vertex -195 31 0
vertex -183 34 47
vertex -195 31 47
endloop
endfacet
facet normal 0.98 0.2 0
outer loop
vertex -183 34 0
vertex -185 46 0
vertex -185 46 47
endloop
endfacet
facet normal 0.98 0.2 0
outer loop
vertex -183 34 0
vertex -185 46 47
vertex -183 34 47
endloop
endfacet
facet normal -0.2 0.98 0
outer loop
vertex -185 46 0
vertex -198 44 0
vertex -198 44 47
endloop
endfacet
facet normal -0.2 0.98 0
outer loop
vertex -185 46 0
vertex -198 44 47
vertex -185 46 47
endloop
endfacet
facet normal -0.98 -0.2 0
outer loop
vertex -198 44 0
vertex -195 31 0
vertex -195 31 47
endloop
endfacet
facet normal -0.98 -0.2 0
outer loop
vertex -198 44 0
vertex -195 31 47
vertex -198 44 47
endloop
endfacet
facet normal 0 0 1
outer loop
vertex 196 -34 33
vertex 184 -37 33
vertex 186 -49 33
endloop
endfacet
facet normal 0 0 1
outer loop
vertex 196 -34 33
vertex 186 -49 33
vertex 198 -46 33
endloop
endfacet
facet normal -0.21 0.98 0
outer loop
vertex 196 -34 0
vertex 184 -37 0
vertex 184 -37 33
endloop
endfacet
facet normal -0.21 0.98 0
outer loop
vertex 196 -34 0
vertex 184 -37 33
vertex 196 -34 33
endloop
endfacet
facet normal -0.98 -0.21 0
outer loop
vertex 184 -37 0
vertex 186 -49 0
vertex 186 -49 33
endloop
endfacet
facet normal -0.98 -0.21 0
outer loop
vertex 184 -37 0
vertex 186 -49 33
vertex 184 -37 33
endloop
endfacet
facet normal 0.21 -0.98 0
outer loop
vertex 186 -49 0
vertex 198 -46 0
vertex 198 -46 33
endloop
endfacet
facet normal 0.21 -0.98 0
outer loop
vertex 186 -49 0
vertex 198 -46 33
vertex 186 -49 33
endloop
endfacet
facet normal 0.98 0.21 0
outer loop
vertex 198 -46 0
vertex 196 -34 0
vertex 196 -34 33
endloop
endfacet
facet normal 0.98 0.21 0
outer loop
vertex 198 -46 0
vertex 196 -34 33
vertex 198 -46 33
endloop
endfacet
facet normal 0 0 1
outer loop
vertex 196 -40 27
vertex 185 -42 27
vertex 187 -54 27
endloop
endfacet
facet normal 0 0 1
outer loop
vertex 196 -40 27
vertex 187 -54 27
vertex 199 -51 27
endloop
endfacet
facet normal -0.24 0.97 0
outer loop
vertex 196 -40 0
vertex 185 -42 0
vertex 185 -42 27
endloop
endfacet
facet normal -0.24 0.97 0
outer loop
vertex 196 -40 0
vertex 185 -42 27
vertex 196 -40 27
endloop
endfacet
facet normal -0.97 -0.24 0
outer loop
vertex 185 -42 0
vertex 187 -54 0
vertex 187 -54 27
endloop
endfacet
facet normal -0.97 -0.24 0
outer loop
vertex 185 -42 0
vertex 187 -54 27
vertex 185 -42 27
endloop
endfacet
facet normal 0.24 -0.97 0
outer loop
vertex 187 -54 0
vertex 199 -51 0
vertex 199 -51 27
endloop
endfacet
facet normal 0.24 -0.97 0
outer loop
vertex 187 -54 0
vertex 199 -51 27
vertex 187 -54 27
endloop
endfacet
facet normal 0.97 0.24 0
outer loop
vertex 199 -51 0
vertex 196 -40 0
vertex 196 -40 27
endloop
endfacet
facet normal 0.97 0.24 0
outer loop
vertex 199 -51 0
vertex 196 -40 27
vertex 199 -51 27
endloop
endfacet
facet normal 0 0 1
outer loop
vertex -198 46 101
vertex -184 50 101
vertex -188 64 101
endloop
endfacet
facet normal 0 0 1
outer loop
vertex -198 46 101
vertex -188 64 101
vertex -202 60 101
endloop
endfacet
facet normal 0.27 -0.96 0
outer loop
vertex -198 46 0
vertex -184 50 0
vertex -184 50 101
endloop
endfacet
facet normal 0.27 -0.96 0
outer loop
vertex -198 46 0
vertex -184 50 101
vertex -198 46 101
endloop
endfacet
facet normal 0.96 0.27 0
outer loop
vertex -184 50 0
vertex -188 64 0
vertex -188 64 101
endloop
endfacet
facet normal 0.96 0.27 0
outer loop
vertex -184 50 0
vertex -188 64 101
vertex -184 50 101
endloop
endfacet
facet normal -0.27 0.96 0
outer loop
vertex -188 64 0
vertex -202 60 0
vertex -202 60 101
endloop
endfacet
facet normal -0.27 0.96 0
outer loop
vertex -188 64 0
vertex -202 60 101
vertex -188 64 101
endloop
endfacet
facet normal -0.96 -0.27 0
outer loop
vertex -202 60 0
vertex -198 46 0
vertex -198 46 101
endloop
endfacet
facet normal -0.96 -0.27 0
outer loop
vertex -202 60 0
vertex -198 46 101
vertex -202 60 101
endloop
endfacet
facet normal 0 0 1
outer loop
vertex 198 -49 84
vertex 184 -53 84
vertex 189 -66 84
endloop
endfacet
facet normal 0 0 1
outer loop
vertex 198 -49 84
vertex 189 -66 84
vertex 202 -62 84
endloop
endfacet
facet normal -0.29 0.96 0
outer loop
vertex 198 -49 0
vertex 184 -53 0
vertex 184 -53 84
endloop
endfacet
facet normal -0.29 0.96 0
outer loop
vertex 198 -49 0
vertex 184 -53 84
vertex 198 -49 84
endloop
endfacet
facet normal -0.96 -0.29 0
outer loop
vertex 184 -53 0
vertex 189 -66 0
vertex 189 -66 84
endloop
endfacet
facet normal -0.96 -0.29 0
outer loop
vertex 184 -53 0
vertex 189 -66 84
vertex 184 -53 84
endloop
endfacet
facet normal 0.29 -0.96 0
outer loop
vertex 189 -66 0
vertex 202 -62 0
vertex 202 -62 84
endloop
endfacet
facet normal 0.29 -0.96 0
outer loop
vertex 189 -66 0
vertex 202 -62 84
vertex 189 -66 84
endloop
endfacet
facet normal 0.96 0.29 0
outer loop
vertex 202 -62 0
vertex 198 -49 0
vertex 198 -49 84
endloop
endfacet
facet normal 0.96 0.29 0
outer loop
vertex 202 -62 0
vertex 198 -49 84
vertex 202 -62 84
endloop
endfacet
facet normal 0 0 1
outer loop
vertex -198 51 86
vertex -185 56 86
vertex -189 69 86
endloop
endfacet
facet normal 0 0 1
outer loop
vertex -198 51 86
vertex -189 69 86
vertex -203 65 86
endloop
endfacet
facet normal 0.3 -0.95 0
outer loop
vertex -198 51 0
vertex -185 56 0
vertex -185 56 86
endloop
endfacet
facet normal 0.3 -0.95 0
outer loop
vertex -198 51 0
vertex -185 56 86
vertex -198 51 86
endloop
endfacet
facet normal 0.95 0.3 0
outer loop
vertex -185 56 0
vertex -189 69 0
vertex -189 69 86
endloop
endfacet
facet normal 0.95 0.3 0
outer loop
vertex -185 56 0
vertex -189 69 86
vertex -185 56 86
endloop
endfacet
facet normal -0.3 0.95 0
outer loop
vertex -189 69 0
vertex -203 65 0
vertex -203 65 86
endloop
endfacet
facet normal -0.3 0.95 0
outer loop
vertex -189 69 0
vertex -203 65 86
vertex -189 69 86
endloop
endfacet
facet normal -0.95 -0.3 0
outer loop
vertex -203 65 0
vertex -198 51 0
vertex -198 51 86
endloop
endfacet
facet normal -0.95 -0.3 0
outer loop
vertex -203 65 0
vertex -198 51 86
vertex -203 65 86
endloop
endfacet
facet normal 0 0 1
outer loop
vertex 198 -55 51
vertex 186 -59 51
vertex 190 -71 51
endloop
endfacet
facet normal 0 0 1
outer loop
vertex 198 -55 51
vertex 190 -71 51
vertex 202 -67 51
endloop
endfacet
facet normal -0.31 0.95 0
outer loop
vertex 198 -55 0
vertex 186 -59 0
vertex 186 -59 51
endloop
endfacet
facet normal -0.31 0.95 0
outer loop
vertex 198 -55 0
vertex 186 -59 51
vertex 198 -55 51
endloop
endfacet
facet normal -0.95 -0.31 0
outer loop
vertex 186 -59 0
vertex 190 -71 0
vertex 190 -71 51
endloop
endfacet
facet normal -0.95 -0.31 0
outer loop
vertex 186 -59 0
vertex 190 -71 51
vertex 186 -59 51
endloop
endfacet
facet normal 0.31 -0.95 0
outer loop
vertex 190 -71 0
vertex 202 -67 0
vertex 202 -67 51
endloop
endfacet
facet normal 0.31 -0.95 0
outer loop
vertex 190 -71 0
vertex 202 -67 51
vertex 190 -71 51
endloop
endfacet
facet normal 0.95 0.31 0
outer loop
vertex 202 -67 0
vertex 198 -55 0
vertex 198 -55 51
endloop
endfacet
facet normal 0.95 0.31 0
outer loop
vertex 202 -67 0
vertex 198 -55 51
vertex 202 -67 51
endloop
endfacet
facet normal 0 0 1
outer loop
vertex 198 -61 27
vertex 187 -65 27
vertex 191 -76 27
endloop
endfacet
facet normal 0 0 1
outer loop
vertex 198 -61 27
vertex 191 -76 27
vertex 202 -72 27
endloop
endfacet
facet normal -0.33 0.94 0
outer loop
vertex 198 -61 0
vertex 187 -65 0
vertex 187 -65 27
endloop
endfacet
facet normal -0.33 0.94 0
outer loop
vertex 198 -61 0
vertex 187 -65 27
vertex 198 -61 27
endloop
endfacet
facet normal -0.94 -0.33 0
outer loop
vertex 187 -65 0
vertex 191 -76 0
vertex 191 -76 27
endloop
endfacet
facet normal -0.94 -0.33 0
outer loop
vertex 187 -65 0
vertex 191 -76 27
vertex 187 -65 27
endloop
endfacet
facet normal 0.33 -0.94 0
outer loop
vertex 191 -76 0
vertex 202 -72 0
vertex 202 -72 27
endloop
endfacet
facet normal 0.33 -0.94 0
outer loop
vertex 191 -76 0
vertex 202 -72 27
vertex 191 -76 27
endloop
endfacet
facet normal 0.94 0.33 0
outer loop
vertex 202 -72 0
vertex 198 -61 0
vertex 198 -61 27
endloop
endfacet
facet normal 0.94 0.33 0
outer loop
vertex 202 -72 0
vertex 198 -61 27
vertex 202 -72 27
endloop
endfacet
facet normal 0 0 1
outer loop
vertex 198 -66 39
vertex 187 -71 39
vertex 191 -82 39
endloop
endfacet
facet normal 0 0 1
outer loop
vertex 198 -66 39
vertex 191 -82 39
vertex 203 -78 39
endloop
endfacet
facet normal -0.36 0.93 0
outer loop
vertex 198 -66 0
vertex 187 -71 0
vertex 187 -71 39
endloop
endfacet
facet normal -0.36 0.93 0
outer loop
vertex 198 -66 0
vertex 187 -71 39
vertex 198 -66 39
endloop
endfacet
facet normal -0.93 -0.36 0
outer loop
vertex 187 -71 0
vertex 191 -82 0
vertex 191 -82 39
endloop
endfacet
facet normal -0.93 -0.36 0
outer loop
vertex 187 -71 0
vertex 191 -82 39
vertex 187 -71 39
endloop
endfacet
facet normal 0.36 -0.93 0
outer loop
vertex 191 -82 0
vertex 203 -78 0
vertex 203 -78 39
endloop
endfacet
facet normal 0.36 -0.93 0
outer loop
vertex 191 -82 0
vertex 203 -78 39
vertex 191 -82 39
endloop
endfacet
facet normal 0.93 0.36 0
outer loop
vertex 203 -78 0
vertex 198 -66 0
vertex 198 -66 39
endloop
endfacet
facet normal 0.93 0.36 0
outer loop
vertex 203 -78 0
vertex 198 -66 39
vertex 203 -78 39
endloop
endfacet
facet normal 0 0 1
outer loop
vertex -198 69 39
vertex -187 74 39
vertex -191 85 39
endloop
endfacet
facet normal 0 0 1
outer loop
vertex -198 69 39
vertex -191 85 39
vertex -203 81 39
endloop
endfacet
facet normal 0.37 -0.93 0
outer loop
vertex -198 69 0
vertex -187 74 0
vertex -187 74 39
endloop
endfacet
facet normal 0.37 -0.93 0
outer loop
vertex -198 69 0
vertex -187 74 39
vertex -198 69 39
endloop
endfacet
facet normal 0.93 0.37 0
outer loop
vertex -187 74 0
vertex -191 85 0
vertex -191 85 39
endloop
endfacet
facet normal 0.93 0.37 0
outer loop
vertex -187 74 0
vertex -191 85 39
vertex -187 74 39
endloop
endfacet
facet normal -0.37 0.93 0
outer loop
vertex -191 85 0
vertex -203 81 0
vertex -203 81 39
endloop
endfacet
facet normal -0.37 0.93 0
outer loop
vertex -191 85 0
vertex -203 81 39
vertex -191 85 39
endloop
endfacet
facet normal -0.93 -0.37 0
outer loop
vertex -203 81 0
vertex -198 69 0
vertex -198 69 39
endloop
endfacet
facet normal -0.93 -0.37 0
outer loop
vertex -203 81 0
vertex -198 69 39
vertex -203 81 39
endloop
endfacet
facet normal 0 0 1
outer loop
vertex 198 -78 27
vertex 187 -83 27
vertex 192 -94 27
endloop
endfacet
facet normal 0 0 1
outer loop
vertex 198 -78 27
vertex 192 -94 27
vertex 203 -89 27
endloop
endfacet
facet normal -0.4 0.91 0
outer loop
vertex 198 -78 0
vertex 187 -83 0
vertex 187 -83 27
endloop
endfacet
facet normal -0.4 0.91 0
outer loop
vertex 198 -78 0
vertex 187 -83 27
vertex 198 -78 27
endloop
endfacet
facet normal -0.91 -0.4 0
outer loop
vertex 187 -83 0
vertex 192 -94 0
vertex 192 -94 27
endloop
endfacet
facet normal -0.91 -0.4 0
outer loop
vertex 187 -83 0
vertex 192 -94 27
vertex 187 -83 27
endloop
endfacet
facet normal 0.4 -0.91 0
outer loop
vertex 192 -94 0
vertex 203 -89 0
vertex 203 -89 27
endloop
endfacet
facet normal 0.4 -0.91 0
outer loop
vertex 192 -94 0
vertex 203 -89 27
vertex 192 -94 27
endloop
endfacet
facet normal 0.91 0.4 0
outer loop
vertex 203 -89 0
vertex 198 -78 0
vertex 198 -78 27
endloop
endfacet
facet normal 0.91 0.4 0
outer loop
vertex 203 -89 0
vertex 198 -78 27
vertex 203 -89 27
endloop
endfacet
facet normal 0 0 1
outer loop
vertex -197 87 27
vertex -186 92 27
vertex -192 103 27
endloop
endfacet
facet normal 0 0 1
outer loop
vertex -197 87 27
vertex -192 103 27
vertex -202 98 27
endloop
endfacet
facet normal 0.44 -0.9 0
outer loop
vertex -197 87 0
vertex -186 92 0
vertex -186 92 27
endloop
endfacet
facet normal 0.44 -0.9 0
outer loop
vertex -197 87 0
vertex -186 92 27
vertex -197 87 27
endloop
endfacet
facet normal 0.9 0.44 0
outer loop
vertex -186 92 0
vertex -192 103 0
vertex -192 103 27
endloop
endfacet
facet normal 0.9 0.44 0
outer loop
vertex -186 92 0
vertex -192 103 27
vertex -186 92 27
endloop
endfacet
facet normal -0.44 0.9 0
outer loop
vertex -192 103 0
vertex -202 98 0
vertex -202 98 27
endloop
endfacet
facet normal -0.44 0.9 0
outer loop
vertex -192 103 0
vertex -202 98 27
vertex -192 103 27
endloop
endfacet
facet normal -0.9 -0.44 0
outer loop
vertex -202 98 0
vertex -197 87 0
vertex -197 87 27
endloop
endfacet
facet normal -0.9 -0.44 0
outer loop
vertex -202 98 0
vertex -197 87 27
vertex -202 98 27
endloop
endfacet
facet normal 0 0 1
outer loop
vertex 196 -96 33
vertex 186 -101 33
vertex 191 -112 33
endloop
endfacet
facet normal 0 0 1
outer loop
vertex 196 -96 33
vertex 191 -112 33
vertex 202 -106 33
endloop
endfacet
facet normal -0.47 0.88 0
outer loop
vertex 196 -96 0
vertex 186 -101 0
vertex 186 -101 33
endloop
endfacet
facet normal -0.47 0.88 0
outer loop
vertex 196 -96 0
vertex 186 -101 33
vertex 196 -96 33
endloop
endfacet
facet normal -0.88 -0.47 0
outer loop
vertex 186 -101 0
vertex 191 -112 0
vertex 191 -112 33
endloop
endfacet
facet normal -0.88 -0.47 0
outer loop
vertex 186 -101 0
vertex 191 -112 33
vertex 186 -101 33
endloop
endfacet
facet normal 0.47 -0.88 0
outer loop
vertex 191 -112 0
vertex 202 -106 0
vertex 202 -106 33
endloop
endfacet
facet normal 0.47 -0.88 0
outer loop
vertex 191 -112 0
vertex 202 -106 33
vertex 191 -112 33
endloop
endfacet
facet normal 0.88 0.47 0
outer loop
vertex 202 -106 0
vertex 196 -96 0
vertex 196 -96 33
endloop
endfacet
facet normal 0.88 0.47 0
outer loop
vertex 202 -106 0
vertex 196 -96 33
vertex 202 -106 33
endloop
endfacet
facet normal 0 0 1
outer loop
vertex 193 -114 27
vertex 183 -120 27
vertex 190 -130 27
endloop
endfacet
facet normal 0 0 1
outer loop
vertex 193 -114 27
vertex 190 -130 27
vertex 200 -124 27
endloop
endfacet
facet normal -0.54 0.84 0
outer loop
vertex 193 -114 0
vertex 183 -120 0
vertex 183 -120 27
endloop
endfacet
facet normal -0.54 0.84 0
outer loop
vertex 193 -114 0
vertex 183 -120 27
vertex 193 -114 27
endloop
endfacet
facet normal -0.84 -0.54 0
outer loop
vertex 183 -120 0
vertex 190 -130 0
vertex 190 -130 27
endloop
endfacet
facet normal -0.84 -0.54 0
outer loop
vertex 183 -120 0
vertex 190 -130 27
vertex 183 -120 27
endloop
endfacet
facet normal 0.54 -0.84 0
outer loop
vertex 190 -130 0
vertex 200 -124 0
vertex 200 -124 27
endloop
endfacet
facet normal 0.54 -0.84 0
outer loop
vertex 190 -130 0
vertex 200 -124 27
vertex 190 -130 27
endloop
endfacet
facet normal 0.84 0.54 0
outer loop
vertex 200 -124 0
vertex 193 -114 0
vertex 193 -114 27
endloop
endfacet
facet normal 0.84 0.54 0
outer loop
vertex 200 -124 0
vertex 193 -114 27
vertex 200 -124 27
endloop
endfacet
facet normal 0 0 1
outer loop
vertex -190 129 27
vertex -180 136 27
vertex -187 146 27
endloop
endfacet
facet normal 0 0 1
outer loop
vertex -190 129 27
vertex -187 146 27
vertex -197 139 27
endloop
endfacet
facet normal 0.59 -0.81 0
outer loop
vertex -190 129 0
vertex -180 136 0
vertex -180 136 27
endloop
endfacet
facet normal 0.59 -0.81 0
outer loop
vertex -190 129 0
vertex -180 136 27
vertex -190 129 27
endloop
endfacet
facet normal 0.81 0.59 0
outer loop
vertex -180 136 0
vertex -187 146 0
vertex -187 146 27
endloop
endfacet
facet normal 0.81 0.59 0
outer loop
vertex -180 136 0
vertex -187 146 27
vertex -180 136 27
endloop
endfacet
facet normal -0.59 0.81 0
outer loop
vertex -187 146 0
vertex -197 139 0
vertex -197 139 27
endloop
endfacet
facet normal -0.59 0.81 0
outer loop
vertex -187 146 0
vertex -197 139 27
vertex -187 146 27
endloop
endfacet
facet normal -0.81 -0.59 0
outer loop
vertex -197 139 0
vertex -190 129 0
vertex -190 129 27
endloop
endfacet
facet normal -0.81 -0.59 0
outer loop
vertex -197 139 0
vertex -190 129 27
vertex -197 139 27
endloop
endfacet
facet normal 0 0 1
outer loop
vertex 187 -137 84
vertex 176 -146 84
vertex 185 -157 84
endloop
endfacet
facet normal 0 0 1
outer loop
vertex 187 -137 84
vertex 185 -157 84
vertex 196 -148 84
endloop
endfacet
facet normal -0.62 0.78 0
outer loop
vertex 187 -137 0
vertex 176 -146 0
vertex 176 -146 84
endloop
endfacet
facet normal -0.62 0.78 0
outer loop
vertex 187 -137 0
vertex 176 -146 84
vertex 187 -137 84
endloop
endfacet
facet normal -0.78 -0.62 0
outer loop
vertex 176 -146 0
vertex 185 -157 0
vertex 185 -157 84
endloop
endfacet
facet normal -0.78 -0.62 0
outer loop
vertex 176 -146 0
vertex 185 -157 84
vertex 176 -146 84
endloop
endfacet
facet normal 0.62 -0.78 0
outer loop
vertex 185 -157 0
vertex 196 -148 0
vertex 196 -148 84
endloop
endfacet
facet normal 0.62 -0.78 0
outer loop
vertex 185 -157 0
vertex 196 -148 84
vertex 185 -157 84
endloop
endfacet
facet normal 0.78 0.62 0
outer loop
vertex 196 -148 0
vertex 187 -137 0
vertex 187 -137 84
endloop
endfacet
facet normal 0.78 0.62 0
outer loop
vertex 196 -148 0
vertex 187 -137 84
vertex 196 -148 84
endloop
endfacet
facet normal 0 0 1
outer loop
vertex 183 -150 62
vertex 173 -159 62
vertex 182 -169 62
endloop
endfacet
facet normal 0 0 1
outer loop
vertex 183 -150 62
vertex 182 -169 62
vertex 192 -160 62
endloop
endfacet
facet normal -0.66 0.75 0
outer loop
vertex 183 -150 0
vertex 173 -159 0
vertex 173 -159 62
endloop
endfacet
facet normal -0.66 0.75 0
outer loop
vertex 183 -150 0
vertex 173 -159 62
vertex 183 -150 62
endloop
endfacet
facet normal -0.75 -0.66 0
outer loop
vertex 173 -159 0
vertex 182 -169 0
vertex 182 -169 62
endloop
endfacet
facet normal -0.75 -0.66 0
outer loop
vertex 173 -159 0
vertex 182 -169 62
vertex 173 -159 62
endloop
endfacet
facet normal 0.66 -0.75 0
outer loop
vertex 182 -169 0
vertex 192 -160 0
vertex 192 -160 62
endloop
endfacet
facet normal 0.66 -0.75 0
outer loop
vertex 182 -169 0
vertex 192 -160 62
vertex 182 -169 62
endloop
endfacet
facet normal 0.75 0.66 0
outer loop
vertex 192 -160 0
vertex 183 -150 0
vertex 183 -150 62
endloop
endfacet
facet normal 0.75 0.66 0
outer loop
vertex 192 -160 0
vertex 183 -150 62
vertex 192 -160 62
endloop
endfacet
facet normal 0 0 1
outer loop
vertex -182 154 27
vertex -173 162 27
vertex -181 171 27
endloop
endfacet
facet normal 0 0 1
outer loop
vertex -182 154 27
vertex -181 171 27
vertex -190 163 27
endloop
endfacet
facet normal 0.67 -0.74 0
outer loop
vertex -182 154 0
vertex -173 162 0
vertex -173 162 27
endloop
endfacet
facet normal 0.67 -0.74 0
outer loop
vertex -182 154 0
vertex -173 162 27
vertex -182 154 27
endloop
endfacet
facet normal 0.74 0.67 0
outer loop
vertex -173 162 0
vertex -181 171 0
vertex -181 171 27
endloop
endfacet
facet normal 0.74 0.67 0
outer loop
vertex -173 162 0
vertex -181 171 27
vertex -173 162 27
endloop
endfacet
facet normal -0.67 0.74 0
outer loop
vertex -181 171 0
vertex -190 163 0
vertex -190 163 27
endloop
endfacet
facet normal -0.67 0.74 0
outer loop
vertex -181 171 0
vertex -190 163 27
vertex -181 171 27
endloop
endfacet
facet normal -0.74 -0.67 0
outer loop
vertex -190 163 0
vertex -182 154 0
vertex -182 154 27
endloop
endfacet
facet normal -0.74 -0.67 0
outer loop
vertex -190 163 0
vertex -182 154 27
vertex -190 163 27
endloop
endfacet
facet normal 0 0 1
outer loop
vertex -179 158 112
vertex -168 169 112
vertex -179 180 112
endloop
endfacet
facet normal 0 0 1
outer loop
vertex -179 158 112
vertex -179 180 112
vertex -190 169 112
endloop
endfacet
facet normal 0.69 -0.73 0
outer loop
vertex -179 158 0
vertex -168 169 0
vertex -168 169 112
endloop
endfacet
facet normal 0.69 -0.73 0
outer loop
vertex -179 158 0
vertex -168 169 112
vertex -179 158 112
endloop
endfacet
facet normal 0.73 0.69 0
outer loop
vertex -168 169 0
vertex -179 180 0
vertex -179 180 112
endloop
endfacet
facet normal 0.73 0.69 0
outer loop
vertex -168 169 0
vertex -179 180 112
vertex -168 169 112
endloop
endfacet
facet normal -0.69 0.73 0
outer loop
vertex -179 180 0
vertex -190 169 0
vertex -190 169 112
endloop
endfacet
facet normal -0.69 0.73 0
outer loop
vertex -179 180 0
vertex -190 169 112
vertex -179 180 112
endloop
endfacet
facet normal -0.73 -0.69 0
outer loop
vertex -190 169 0
vertex -179 158 0
vertex -179 158 112
endloop
endfacet
facet normal -0.73 -0.69 0
outer loop
vertex -190 169 0
vertex -179 158 112
vertex -190 169 112
endloop
endfacet
facet normal 0 0 1
outer loop
vertex 178 -162 91
vertex 167 -172 91
vertex 178 -183 91
endloop
endfacet
facet normal 0 0 1
outer loop
vertex 178 -162 91
vertex 178 -183 91
vertex 188 -172 91
endloop
endfacet
facet normal -0.7 0.72 0
outer loop
vertex 178 -162 0
vertex 167 -172 0
vertex 167 -172 91
endloop
endfacet
facet normal -0.7 0.72 0
outer loop
vertex 178 -162 0
vertex 167 -172 91
vertex 178 -162 91
endloop
endfacet
facet normal -0.72 -0.7 0
outer loop
vertex 167 -172 0
vertex 178 -183 0
vertex 178 -183 91
endloop
endfacet
facet normal -0.72 -0.7 0
outer loop
vertex 167 -172 0
vertex 178 -183 91
vertex 167 -172 91
endloop
endfacet
facet normal 0.7 -0.72 0
outer loop
vertex 178 -183 0
vertex 188 -172 0
vertex 188 -172 91
endloop
endfacet
facet normal 0.7 -0.72 0
outer loop
vertex 178 -183 0
vertex 188 -172 91
vertex 178 -183 91
endloop
endfacet
facet normal 0.72 0.7 0
outer loop
vertex 188 -172 0
vertex 178 -162 0
vertex 178 -162 91
endloop
endfacet
facet normal 0.72 0.7 0
outer loop
vertex 188 -172 0
vertex 178 -162 91
vertex 188 -172 91
endloop
endfacet
facet normal 0 0 1
outer loop
vertex -174 173 33
vertex -165 182 33
vertex -174 190 33
endloop
endfacet
facet normal 0 0 1
outer loop
vertex -174 173 33
vertex -174 190 33
vertex -183 182 33
endloop
endfacet
facet normal 0.72 -0.69 0
outer loop
vertex -174 173 0
vertex -165 182 0
vertex -165 182 33
endloop
endfacet
facet normal 0.72 -0.69 0
outer loop
vertex -174 173 0
vertex -165 182 33
vertex -174 173 33
endloop
endfacet
facet normal 0.69 0.72 0
outer loop
vertex -165 182 0
vertex -174 190 0
vertex -174 190 33
endloop
endfacet
facet normal 0.69 0.72 0
outer loop
vertex -165 182 0
vertex -174 190 33
vertex -165 182 33
endloop
endfacet
facet normal -0.72 0.69 0
outer loop
vertex -174 190 0
vertex -183 182 0
vertex -183 182 33
endloop
endfacet
facet normal -0.72 0.69 0
outer loop
vertex -174 190 0
vertex -183 182 33
vertex -174 190 33
endloop
endfacet
facet normal -0.69 -0.72 0
outer loop
vertex -183 182 0
vertex -174 173 0
vertex -174 173 33
endloop
endfacet
facet normal -0.69 -0.72 0
outer loop
vertex -183 182 0
vertex -174 173 33
vertex -183 182 33
endloop
endfacet
facet normal 0 0 1
outer loop
vertex 172 -175 90
vertex 162 -185 90
vertex 173 -195 90
endloop
endfacet
facet normal 0 0 1
outer loop
vertex 172 -175 90
vertex 173 -195 90
vertex 183 -185 90
endloop
endfacet
facet normal -0.73 0.68 0
outer loop
vertex 172 -175 0
vertex 162 -185 0
vertex 162 -185 90
endloop
endfacet
facet normal -0.73 0.68 0
outer loop
vertex 172 -175 0
vertex 162 -185 90
vertex 172 -175 90
endloop
endfacet
facet normal -0.68 -0.73 0
outer loop
vertex 162 -185 0
vertex 173 -195 0
vertex 173 -195 90
endloop
endfacet
facet normal -0.68 -0.73 0
outer loop
vertex 162 -185 0
vertex 173 -195 90
vertex 162 -185 90
endloop
endfacet
facet normal 0.73 -0.68 0
outer loop
vertex 173 -195 0
vertex 183 -185 0
vertex 183 -185 90
endloop
endfacet
facet normal 0.73 -0.68 0
outer loop
vertex 173 -195 0
vertex 183 -185 90
vertex 173 -195 90
endloop
endfacet
facet normal 0.68 0.73 0
outer loop
vertex 183 -185 0
vertex 172 -175 0
vertex 172 -175 90
endloop
endfacet
facet normal 0.68 0.73 0
outer loop
vertex 183 -185 0
vertex 172 -175 90
vertex 183 -185 90
endloop
endfacet
facet normal 0 0 1
outer loop
vertex -171 179 54
vertex -162 189 54
vertex -171 197 54
endloop
endfacet
facet normal 0 0 1
outer loop
vertex -171 179 54
vertex -171 197 54
vertex -180 188 54
endloop
endfacet
facet normal 0.74 -0.67 0
outer loop
vertex -171 179 0
vertex -162 189 0
vertex -162 189 54
endloop
endfacet
facet normal 0.74 -0.67 0
outer loop
vertex -171 179 0
vertex -162 189 54
vertex -171 179 54
endloop
endfacet
facet normal 0.67 0.74 0
outer loop
vertex -162 189 0
vertex -171 197 0
vertex -171 197 54
endloop
endfacet
facet normal 0.67 0.74 0
outer loop
vertex -162 189 0
vertex -171 197 54
vertex -162 189 54
endloop
endfacet
facet normal -0.74 0.67 0
outer loop
vertex -171 197 0
vertex -180 188 0
vertex -180 188 54
endloop
endfacet
facet normal -0.74 0.67 0
outer loop
vertex -171 197 0
vertex -180 188 54
vertex -171 197 54
endloop
endfacet
facet normal -0.67 -0.74 0
outer loop
vertex -180 188 0
vertex -171 179 0
vertex -171 179 54
endloop
endfacet
facet normal -0.67 -0.74 0
outer loop
vertex -180 188 0
vertex -171 179 54
vertex -180 188 54
endloop
endfacet
facet normal 0 0 1
outer loop
vertex 169 -181 76
vertex 160 -192 76
vertex 170 -201 76
endloop
endfacet
facet normal 0 0 1
outer loop
vertex 169 -181 76
vertex 170 -201 76
vertex 179 -191 76
endloop
endfacet
facet normal -0.75 0.66 0
outer loop
vertex 169 -181 0
vertex 160 -192 0
vertex 160 -192 76
endloop
endfacet
facet normal -0.75 0.66 0
outer loop
vertex 169 -181 0
vertex 160 -192 76
vertex 169 -181 76
endloop
endfacet
facet normal -0.66 -0.75 0
outer loop
vertex 160 -192 0
vertex 170 -201 0
vertex 170 -201 76
endloop
endfacet
facet normal -0.66 -0.75 0
outer loop
vertex 160 -192 0
vertex 170 -201 76
vertex 160 -192 76
endloop
endfacet
facet normal 0.75 -0.66 0
outer loop
vertex 170 -201 0
vertex 179 -191 0
vertex 179 -191 76
endloop
endfacet
facet normal 0.75 -0.66 0
outer loop
vertex 170 -201 0
vertex 179 -191 76
vertex 170 -201 76
endloop
endfacet
facet normal 0.66 0.75 0
outer loop
vertex 179 -191 0
vertex 169 -181 0
vertex 169 -181 76
endloop
endfacet
facet normal 0.66 0.75 0
outer loop
vertex 179 -191 0
vertex 169 -181 76
vertex 179 -191 76
endloop
endfacet
facet normal 0 0 1
outer loop
vertex -167 186 27
vertex -160 195 27
vertex -169 203 27
endloop
endfacet
facet normal 0 0 1
outer loop
vertex -167 186 27
vertex -169 203 27
vertex -176 194 27
endloop
endfacet
facet normal 0.76 -0.65 0
outer loop
vertex -167 186 0
vertex -160 195 0
vertex -160 195 27
endloop
endfacet
facet normal 0.76 -0.65 0
outer loop
vertex -167 186 0
vertex -160 195 27
vertex -167 186 27
endloop
endfacet
facet normal 0.65 0.76 0
outer loop
vertex -160 195 0
vertex -169 203 0
vertex -169 203 27
endloop
endfacet
facet normal 0.65 0.76 0
outer loop
vertex -160 195 0
vertex -169 203 27
vertex -160 195 27
endloop
endfacet
facet normal -0.76 0.65 0
outer loop
vertex -169 203 0
vertex -176 194 0
vertex -176 194 27
endloop
endfacet
facet normal -0.76 0.65 0
outer loop
vertex -169 203 0
vertex -176 194 27
vertex -169 203 27
endloop
endfacet
facet normal -0.65 -0.76 0
outer loop
vertex -176 194 0
vertex -167 186 0
vertex -167 186 27
endloop
endfacet
facet normal -0.65 -0.76 0
outer loop
vertex -176 194 0
vertex -167 186 27
vertex -176 194 27
endloop
endfacet
facet normal 0 0 1
outer loop
vertex 158 -201 47
vertex 151 -211 47
vertex 161 -219 47
endloop
endfacet
facet normal 0 0 1
outer loop
vertex 158 -201 47
vertex 161 -219 47
vertex 169 -209 47
endloop
endfacet
facet normal -0.8 0.6 0
outer loop
vertex 158 -201 0
vertex 151 -211 0
vertex 151 -211 47
endloop
endfacet
facet normal -0.8 0.6 0
outer loop
vertex 158 -201 0
vertex 151 -211 47
vertex 158 -201 47
endloop
endfacet
facet normal -0.6 -0.8 0
outer loop
vertex 151 -211 0
vertex 161 -219 0
vertex 161 -219 47
endloop
endfacet
facet normal -0.6 -0.8 0
outer loop
vertex 151 -211 0
vertex 161 -219 47
vertex 151 -211 47
endloop
endfacet
facet normal 0.8 -0.6 0
outer loop
vertex 161 -219 0
vertex 169 -209 0
vertex 169 -209 47
endloop
endfacet
facet normal 0.8 -0.6 0
outer loop
vertex 161 -219 0
vertex 169 -209 47
vertex 161 -219 47
endloop
endfacet
facet normal 0.6 0.8 0
outer loop
vertex 169 -209 0
vertex 158 -201 0
vertex 158 -201 47
endloop
endfacet
facet normal 0.6 0.8 0
outer loop
vertex 169 -209 0
vertex 158 -201 47
vertex 169 -209 47
endloop
endfacet
facet normal 0 0 1
outer loop
vertex -157 204 47
vertex -149 215 47
vertex -159 222 47
endloop
endfacet
facet normal 0 0 1
outer loop
vertex -157 204 47
vertex -159 222 47
vertex -167 212 47
endloop
endfacet
facet normal 0.8 -0.59 0
outer loop
vertex -157 204 0
vertex -149 215 0
vertex -149 215 47
endloop
endfacet
facet normal 0.8 -0.59 0
outer loop
vertex -157 204 0
vertex -149 215 47
vertex -157 204 47
endloop
endfacet
facet normal 0.59 0.8 0
outer loop
vertex -149 215 0
vertex -159 222 0
vertex -159 222 47
endloop
endfacet
facet normal 0.59 0.8 0
outer loop
vertex -149 215 0
vertex -159 222 47
vertex -149 215 47
endloop
endfacet
facet normal -0.8 0.59 0
outer loop
vertex -159 222 0
vertex -167 212 0
vertex -167 212 47
endloop
endfacet
facet normal -0.8 0.59 0
outer loop
vertex -159 222 0
vertex -167 212 47
vertex -159 222 47
endloop
endfacet
facet normal -0.59 -0.8 0
outer loop
vertex -167 212 0
vertex -157 204 0
vertex -157 204 47
endloop
endfacet
facet normal -0.59 -0.8 0
outer loop
vertex -167 212 0
vertex -157 204 47
vertex -167 212 47
endloop
endfacet
facet normal 0 0 1
outer loop
vertex 155 -208 43
vertex 147 -218 43
vertex 157 -225 43
endloop
endfacet
facet normal 0 0 1
outer loop
vertex 155 -208 43
vertex 157 -225 43
vertex 165 -215 43
endloop
endfacet
facet normal -0.81 0.58 0
outer loop
vertex 155 -208 0
vertex 147 -218 0
vertex 147 -218 43
endloop
endfacet
facet normal -0.81 0.58 0
outer loop
vertex 155 -208 0
vertex 147 -218 43
vertex 155 -208 43
endloop
endfacet
facet normal -0.58 -0.81 0
outer loop
vertex 147 -218 0
vertex 157 -225 0
vertex 157 -225 43
endloop
endfacet
facet normal -0.58 -0.81 0
outer loop
vertex 147 -218 0
vertex 157 -225 43
vertex 147 -218 43
endloop
endfacet
facet normal 0.81 -0.58 0
outer loop
vertex 157 -225 0
vertex 165 -215 0
vertex 165 -215 43
endloop
endfacet
facet normal 0.81 -0.58 0
outer loop
vertex 157 -225 0
vertex 165 -215 43
vertex 157 -225 43
endloop
endfacet
facet normal 0.58 0.81 0
outer loop
vertex 165 -215 0
vertex 155 -208 0
vertex 155 -208 43
endloop
endfacet
facet normal 0.58 0.81 0
outer loop
vertex 165 -215 0
vertex 155 -208 43
vertex 165 -215 43
endloop
endfacet
facet normal 0 0 1
outer loop
vertex 151 -214 27
vertex 144 -224 27
vertex 154 -231 27
endloop
endfacet
facet normal 0 0 1
outer loop
vertex 151 -214 27
vertex 154 -231 27
vertex 160 -221 27
endloop
endfacet
facet normal -0.83 0.56 0
outer loop
vertex 151 -214 0
vertex 144 -224 0
vertex 144 -224 27
endloop
endfacet
facet normal -0.83 0.56 0
outer loop
vertex 151 -214 0
vertex 144 -224 27
vertex 151 -214 27
endloop
endfacet
facet normal -0.56 -0.83 0
outer loop
vertex 144 -224 0
vertex 154 -231 0
vertex 154 -231 27
endloop
endfacet
facet normal -0.56 -0.83 0
outer loop
vertex 144 -224 0
vertex 154 -231 27
vertex 144 -224 27
endloop
endfacet
facet normal 0.83 -0.56 0
outer loop
vertex 154 -231 0
vertex 160 -221 0
vertex 160 -221 27
endloop
endfacet
facet normal 0.83 -0.56 0
outer loop
vertex 154 -231 0
vertex 160 -221 27
vertex 154 -231 27
endloop
endfacet
facet normal 0.56 0.83 0
outer loop
vertex 160 -221 0
vertex 151 -214 0
vertex 151 -214 27
endloop
endfacet
facet normal 0.56 0.83 0
outer loop
vertex 160 -221 0
vertex 151 -214 27
vertex 160 -221 27
endloop
endfacet
facet normal 0 0 1
outer loop
vertex -148 217 57
vertex -141 228 57
vertex -152 235 57
endloop
endfacet
facet normal 0 0 1
outer loop
vertex -148 217 57
vertex -152 235 57
vertex -159 224 57
endloop
endfacet
facet normal 0.83 -0.55 0
outer loop
vertex -148 217 0
vertex -141 228 0
vertex -141 228 57
endloop
endfacet
facet normal 0.83 -0.55 0
outer loop
vertex -148 217 0
vertex -141 228 57
vertex -148 217 57
endloop
endfacet
facet normal 0.55 0.83 0
outer loop
vertex -141 228 0
vertex -152 235 0
vertex -152 235 57
endloop
endfacet
facet normal 0.55 0.83 0
outer loop
vertex -141 228 0
vertex -152 235 57
vertex -141 228 57
endloop
endfacet
facet normal -0.83 0.55 0
outer loop
vertex -152 235 0
vertex -159 224 0
vertex -159 224 57
endloop
endfacet
facet normal -0.83 0.55 0
outer loop
vertex -152 235 0
vertex -159 224 57
vertex -152 235 57
endloop
endfacet
facet normal -0.55 -0.83 0
outer loop
vertex -159 224 0
vertex -148 217 0
vertex -148 217 57
endloop
endfacet
facet normal -0.55 -0.83 0
outer loop
vertex -159 224 0
vertex -148 217 57
vertex -159 224 57
endloop
endfacet
facet normal 0 0 1
outer loop
vertex 146 -218 120
vertex 137 -231 120
vertex 150 -240 120
endloop
endfacet
facet normal 0 0 1
outer loop
vertex 146 -218 120
vertex 150 -240 120
vertex 159 -227 120
endloop
endfacet
facet normal -0.84 0.54 0
outer loop
vertex 146 -218 0
vertex 137 -231 0
vertex 137 -231 120
endloop
endfacet
facet normal -0.84 0.54 0
outer loop
vertex 146 -218 0
vertex 137 -231 120
vertex 146 -218 120
endloop
endfacet
facet normal -0.54 -0.84 0
outer loop
vertex 137 -231 0
vertex 150 -240 0
vertex 150 -240 120
endloop
endfacet
facet normal -0.54 -0.84 0
outer loop
vertex 137 -231 0
vertex 150 -240 120
vertex 137 -231 120
endloop
endfacet
facet normal 0.84 -0.54 0
outer loop
vertex 150 -240 0
vertex 159 -227 0
vertex 159 -227 120
endloop
endfacet
facet normal 0.84 -0.54 0
outer loop
vertex 150 -240 0
vertex 159 -227 120
vertex 150 -240 120
endloop
endfacet
facet normal 0.54 0.84 0
outer loop
vertex 159 -227 0
vertex 146 -218 0
vertex 146 -218 120
endloop
endfacet
facet normal 0.54 0.84 0
outer loop
vertex 159 -227 0
vertex 146 -218 120
vertex 159 -227 120
endloop
endfacet
facet normal 0 0 1
outer loop
vertex -143 221 128
vertex -135 235 128
vertex -148 243 128
endloop
endfacet
facet normal 0 0 1
outer loop
vertex -143 221 128
vertex -148 243 128
vertex -157 230 128
endloop
endfacet
facet normal 0.85 -0.53 0
outer loop
vertex -143 221 0
vertex -135 235 0
vertex -135 235 128
endloop
endfacet
facet normal 0.85 -0.53 0
outer loop
vertex -143 221 0
vertex -135 235 128
vertex -143 221 128
endloop
endfacet
facet normal 0.53 0.85 0
outer loop
vertex -135 235 0
vertex -148 243 0
vertex -148 243 128
endloop
endfacet
facet normal 0.53 0.85 0
outer loop
vertex -135 235 0
vertex -148 243 128
vertex -135 235 128
endloop
endfacet
facet normal -0.85 0.53 0
outer loop
vertex -148 243 0
vertex -157 230 0
vertex -157 230 128
endloop
endfacet
facet normal -0.85 0.53 0
outer loop
vertex -148 243 0
vertex -157 230 128
vertex -148 243 128
endloop
endfacet
facet normal -0.53 -0.85 0
outer loop
vertex -157 230 0
vertex -143 221 0
vertex -143 221 128
endloop
endfacet
facet normal -0.53 -0.85 0
outer loop
vertex -157 230 0
vertex -143 221 128
vertex -157 230 128
endloop
endfacet
facet normal 0 0 1
outer loop
vertex 141 -225 90
vertex 134 -238 90
vertex 146 -245 90
endloop
endfacet
facet normal 0 0 1
outer loop
vertex 141 -225 90
vertex 146 -245 90
vertex 154 -233 90
endloop
endfacet
facet normal -0.85 0.52 0
outer loop
vertex 141 -225 0
vertex 134 -238 0
vertex 134 -238 90
endloop
endfacet
facet normal -0.85 0.52 0
outer loop
vertex 141 -225 0
vertex 134 -238 90
vertex 141 -225 90
endloop
endfacet
facet normal -0.52 -0.85 0
outer loop
vertex 134 -238 0
vertex 146 -245 0
vertex 146 -245 90
endloop
endfacet
facet normal -0.52 -0.85 0
outer loop
vertex 134 -238 0
vertex 146 -245 90
vertex 134 -238 90
endloop
endfacet
facet normal 0.85 -0.52 0
outer loop
vertex 146 -245 0
vertex 154 -233 0
vertex 154 -233 90
endloop
endfacet
facet normal 0.85 -0.52 0
outer loop
vertex 146 -245 0
vertex 154 -233 90
vertex 146 -245 90
endloop
endfacet
facet normal 0.52 0.85 0
outer loop
vertex 154 -233 0
vertex 141 -225 0
vertex 141 -225 90
endloop
endfacet
facet normal 0.52 0.85 0
outer loop
vertex 154 -233 0
vertex 141 -225 90
vertex 154 -233 90
endloop
endfacet
facet normal 0 0 1
outer loop
vertex -139 228 98
vertex -131 241 98
vertex -144 248 98
endloop
endfacet
facet normal 0 0 1
outer loop
vertex -139 228 98
vertex -144 248 98
vertex -152 236 98
endloop
endfacet
facet normal 0.86 -0.51 0
outer loop
vertex -139 228 0
vertex -131 241 0
vertex -131 241 98
endloop
endfacet
facet normal 0.86 -0.51 0
outer loop
vertex -139 228 0
vertex -131 241 98
vertex -139 228 98
endloop
endfacet
facet normal 0.51 0.86 0
outer loop
vertex -131 241 0
vertex -144 248 0
vertex -144 248 98
endloop
endfacet
facet normal 0.51 0.86 0
outer loop
vertex -131 241 0
vertex -144 248 98
vertex -131 241 98
endloop
endfacet
facet normal -0.86 0.51 0
outer loop
vertex -144 248 0
vertex -152 236 0
vertex -152 236 98
endloop
endfacet
facet normal -0.86 0.51 0
outer loop
vertex -144 248 0
vertex -152 236 98
vertex -144 248 98
endloop
endfacet
facet normal -0.51 -0.86 0
outer loop
vertex -152 236 0
vertex -139 228 0
vertex -139 228 98
endloop
endfacet
facet normal -0.51 -0.86 0
outer loop
vertex -152 236 0
vertex -139 228 98
vertex -152 236 98
endloop
endfacet
facet normal 0 0 1
outer loop
vertex -134 235 54
vertex -128 247 54
vertex -139 253 54
endloop
endfacet
facet normal 0 0 1
outer loop
vertex -134 235 54
vertex -139 253 54
vertex -146 242 54
endloop
endfacet
facet normal 0.87 -0.49 0
outer loop
vertex -134 235 0
vertex -128 247 0
vertex -128 247 54
endloop
endfacet
facet normal 0.87 -0.49 0
outer loop
vertex -134 235 0
vertex -128 247 54
vertex -134 235 54
endloop
endfacet
facet normal 0.49 0.87 0
outer loop
vertex -128 247 0
vertex -139 253 0
vertex -139 253 54
endloop
endfacet
facet normal 0.49 0.87 0
outer loop
vertex -128 247 0
vertex -139 253 54
vertex -128 247 54
endloop
endfacet
facet normal -0.87 0.49 0
outer loop
vertex -139 253 0
vertex -146 242 0
vertex -146 242 54
endloop
endfacet
facet normal -0.87 0.49 0
outer loop
vertex -139 253 0
vertex -146 242 54
vertex -139 253 54
endloop
endfacet
facet normal -0.49 -0.87 0
outer loop
vertex -146 242 0
vertex -134 235 0
vertex -134 235 54
endloop
endfacet
facet normal -0.49 -0.87 0
outer loop
vertex -146 242 0
vertex -134 235 54
vertex -146 242 54
endloop
endfacet
facet normal 0 0 1
outer loop
vertex 132 -239 54
vertex 126 -250 54
vertex 137 -256 54
endloop
endfacet
facet normal 0 0 1
outer loop
vertex 132 -239 54
vertex 137 -256 54
vertex 143 -245 54
endloop
endfacet
facet normal -0.88 0.48 0
outer loop
vertex 132 -239 0
vertex 126 -250 0
vertex 126 -250 54
endloop
endfacet
facet normal -0.88 0.48 0
outer loop
vertex 132 -239 0
vertex 126 -250 54
vertex 132 -239 54
endloop
endfacet
facet normal -0.48 -0.88 0
outer loop
vertex 126 -250 0
vertex 137 -256 0
vertex 137 -256 54
endloop
endfacet
facet normal -0.48 -0.88 0
outer loop
vertex 126 -250 0
vertex 137 -256 54
vertex 126 -250 54
endloop
endfacet
facet normal 0.88 -0.48 0
outer loop
vertex 137 -256 0
vertex 143 -245 0
vertex 143 -245 54
endloop
endfacet
facet normal 0.88 -0.48 0
outer loop
vertex 137 -256 0
vertex 143 -245 54
vertex 137 -256 54
endloop
endfacet
facet normal 0.48 0.88 0
outer loop
vertex 143 -245 0
vertex 132 -239 0
vertex 132 -239 54
endloop
endfacet
facet normal 0.48 0.88 0
outer loop
vertex 143 -245 0
vertex 132 -239 54
vertex 143 -245 54
endloop
endfacet
facet normal 0 0 1
outer loop
vertex -129 242 51
vertex -123 253 51
vertex -135 259 51
endloop
endfacet
facet normal 0 0 1
outer loop
vertex -129 242 51
vertex -135 259 51
vertex -141 248 51
endloop
endfacet
facet normal 0.88 -0.47 0
outer loop
vertex -129 242 0
vertex -123 253 0
vertex -123 253 51
endloop
endfacet
facet normal 0.88 -0.47 0
outer loop
vertex -129 242 0
vertex -123 253 51
vertex -129 242 51
endloop
endfacet
facet normal 0.47 0.88 0
outer loop
vertex -123 253 0
vertex -135 259 0
vertex -135 259 51
endloop
endfacet
facet normal 0.47 0.88 0
outer loop
vertex -123 253 0
vertex -135 259 51
vertex -123 253 51
endloop
endfacet
facet normal -0.88 0.47 0
outer loop
vertex -135 259 0
vertex -141 248 0
vertex -141 248 51
endloop
endfacet
facet normal -0.88 0.47 0
outer loop
vertex -135 259 0
vertex -141 248 51
vertex -135 259 51
endloop
endfacet
facet normal -0.47 -0.88 0
outer loop
vertex -141 248 0
vertex -129 242 0
vertex -129 242 51
endloop
endfacet
facet normal -0.47 -0.88 0
outer loop
vertex -141 248 0
vertex -129 242 51
vertex -141 248 51
endloop
endfacet
facet normal 0 0 1
outer loop
vertex 127 -245 33
vertex 121 -256 33
vertex 132 -262 33
endloop
endfacet
facet normal 0 0 1
outer loop
vertex 127 -245 33
vertex 132 -262 33
vertex 138 -251 33
endloop
endfacet
facet normal -0.89 0.46 0
outer loop
vertex 127 -245 0
vertex 121 -256 0
vertex 121 -256 33
endloop
endfacet
facet normal -0.89 0.46 0
outer loop
vertex 127 -245 0
vertex 121 -256 33
vertex 127 -245 33
endloop
endfacet
facet normal -0.46 -0.89 0
outer loop
vertex 121 -256 0
vertex 132 -262 0
vertex 132 -262 33
endloop
endfacet
facet normal -0.46 -0.89 0
outer loop
vertex 121 -256 0
vertex 132 -262 33
vertex 121 -256 33
endloop
endfacet
facet normal 0.89 -0.46 0
outer loop
vertex 132 -262 0
vertex 138 -251 0
vertex 138 -251 33
endloop
endfacet
facet normal 0.89 -0.46 0
outer loop
vertex 132 -262 0
vertex 138 -251 33
vertex 132 -262 33
endloop
endfacet
facet normal 0.46 0.89 0
outer loop
vertex 138 -251 0
vertex 127 -245 0
vertex 127 -245 33
endloop
endfacet
facet normal 0.46 0.89 0
outer loop
vertex 138 -251 0
vertex 127 -245 33
vertex 138 -251 33
endloop
endfacet
facet normal 0 0 1
outer loop
vertex -119 254 33
vertex -114 265 33
vertex -125 271 33
endloop
endfacet
facet normal 0 0 1
outer loop
vertex -119 254 33
vertex -125 271 33
vertex -130 259 33
endloop
endfacet
facet normal 0.91 -0.42 0
outer loop
vertex -119 254 0
vertex -114 265 0
vertex -114 265 33
endloop
endfacet
facet normal 0.91 -0.42 0
outer loop
vertex -119 254 0
vertex -114 265 33
vertex -119 254 33
endloop
endfacet
facet normal 0.42 0.91 0
outer loop
vertex -114 265 0
vertex -125 271 0
vertex -125 271 33
endloop
endfacet
facet normal 0.42 0.91 0
outer loop
vertex -114 265 0
vertex -125 271 33
vertex -114 265 33
endloop
endfacet
facet normal -0.91 0.42 0
outer loop
vertex -125 271 0
vertex -130 259 0
vertex -130 259 33
endloop
endfacet
facet normal -0.91 0.42 0
outer loop
vertex -125 271 0
vertex -130 259 33
vertex -125 271 33
endloop
endfacet
facet normal -0.42 -0.91 0
outer loop
vertex -130 259 0
vertex -119 254 0
vertex -119 254 33
endloop
endfacet
facet normal -0.42 -0.91 0
outer loop
vertex -130 259 0
vertex -119 254 33
vertex -130 259 33
endloop
endfacet
facet normal 0 0 1
outer loop
vertex -107 266 27
vertex -103 277 27
vertex -114 282 27
endloop
endfacet
facet normal 0 0 1
outer loop
vertex -107 266 27
vertex -114 282 27
vertex -119 271 27
endloop
endfacet
facet normal 0.93 -0.37 0
outer loop
vertex -107 266 0
vertex -103 277 0
vertex -103 277 27
endloop
endfacet
facet normal 0.93 -0.37 0
outer loop
vertex -107 266 0
vertex -103 277 27
vertex -107 266 27
endloop
endfacet
facet normal 0.37 0.93 0
outer loop
vertex -103 277 0
vertex -114 282 0
vertex -114 282 27
endloop
endfacet
facet normal 0.37 0.93 0
outer loop
vertex -103 277 0
vertex -114 282 27
vertex -103 277 27
endloop
endfacet
facet normal -0.93 0.37 0
outer loop
vertex -114 282 0
vertex -119 271 0
vertex -119 271 27
endloop
endfacet
facet normal -0.93 0.37 0
outer loop
vertex -114 282 0
vertex -119 271 27
vertex -114 282 27
endloop
endfacet
facet normal -0.37 -0.93 0
outer loop
vertex -119 271 0
vertex -107 266 0
vertex -107 266 27
endloop
endfacet
facet normal -0.37 -0.93 0
outer loop
vertex -119 271 0
vertex -107 266 27
vertex -119 271 27
endloop
endfacet
facet normal 0 0 1
outer loop
vertex 103 -267 115
vertex 98 -281 115
vertex 112 -287 115
endloop
endfacet
facet normal 0 0 1
outer loop
vertex 103 -267 115
vertex 112 -287 115
vertex 118 -272 115
endloop
endfacet
facet normal -0.93 0.36 0
outer loop
vertex 103 -267 0
vertex 98 -281 0
vertex 98 -281 115
endloop
endfacet
facet normal -0.93 0.36 0
outer loop
vertex 103 -267 0
vertex 98 -281 115
vertex 103 -267 115
endloop
endfacet
facet normal -0.36 -0.93 0
outer loop
vertex 98 -281 0
vertex 112 -287 0
vertex 112 -287 115
endloop
endfacet
facet normal -0.36 -0.93 0
outer loop
vertex 98 -281 0
vertex 112 -287 115
vertex 98 -281 115
endloop
endfacet
facet normal 0.93 -0.36 0
outer loop
vertex 112 -287 0
vertex 118 -272 0
vertex 118 -272 115
endloop
endfacet
facet normal 0.93 -0.36 0
outer loop
vertex 112 -287 0
vertex 118 -272 115
vertex 112 -287 115
endloop
endfacet
facet normal 0.36 0.93 0
outer loop
vertex 118 -272 0
vertex 103 -267 0
vertex 103 -267 115
endloop
endfacet
facet normal 0.36 0.93 0
outer loop
vertex 118 -272 0
vertex 103 -267 115
vertex 118 -272 115
endloop
endfacet
facet normal 0 0 1
outer loop
vertex -101 271 84
vertex -96 284 84
vertex -109 289 84
endloop
endfacet
facet normal 0 0 1
outer loop
vertex -101 271 84
vertex -109 289 84
vertex -114 276 84
endloop
endfacet
facet normal 0.94 -0.35 0
outer loop
vertex -101 271 0
vertex -96 284 0
vertex -96 284 84
endloop
endfacet
facet normal 0.94 -0.35 0
outer loop
vertex -101 271 0
vertex -96 284 84
vertex -101 271 84
endloop
endfacet
facet normal 0.35 0.94 0
outer loop
vertex -96 284 0
vertex -109 289 0
vertex -109 289 84
endloop
endfacet
facet normal 0.35 0.94 0
outer loop
vertex -96 284 0
vertex -109 289 84
vertex -96 284 84
endloop
endfacet
facet normal -0.94 0.35 0
outer loop
vertex -109 289 0
vertex -114 276 0
vertex -114 276 84
endloop
endfacet
facet normal -0.94 0.35 0
outer loop
vertex -109 289 0
vertex -114 276 84
vertex -109 289 84
endloop
endfacet
facet normal -0.35 -0.94 0
outer loop
vertex -114 276 0
vertex -101 271 0
vertex -101 271 84
endloop
endfacet
facet normal -0.35 -0.94 0
outer loop
vertex -114 276 0
vertex -101 271 84
vertex -114 276 84
endloop
endfacet
facet normal 0 0 1
outer loop
vertex -82 288 62
vertex -78 301 62
vertex -91 305 62
endloop
endfacet
facet normal 0 0 1
outer loop
vertex -82 288 62
vertex -91 305 62
vertex -94 292 62
endloop
endfacet
facet normal 0.96 -0.28 0
outer loop
vertex -82 288 0
vertex -78 301 0
vertex -78 301 62
endloop
endfacet
facet normal 0.96 -0.28 0
outer loop
vertex -82 288 0
vertex -78 301 62
vertex -82 288 62
endloop
endfacet
facet normal 0.28 0.96 0
outer loop
vertex -78 301 0
vertex -91 305 0
vertex -91 305 62
endloop
endfacet
facet normal 0.28 0.96 0
outer loop
vertex -78 301 0
vertex -91 305 62
vertex -78 301 62
endloop
endfacet
facet normal -0.96 0.28 0
outer loop
vertex -91 305 0
vertex -94 292 0
vertex -94 292 62
endloop
endfacet
facet normal -0.96 0.28 0
outer loop
vertex -91 305 0
vertex -94 292 62
vertex -91 305 62
endloop
endfacet
facet normal -0.28 -0.96 0
outer loop
vertex -94 292 0
vertex -82 288 0
vertex -82 288 62
endloop
endfacet
facet normal -0.28 -0.96 0
outer loop
vertex -94 292 0
vertex -82 288 62
vertex -94 292 62
endloop
endfacet
facet normal 0 0 1
outer loop
vertex 64 -301 62
vertex 61 -314 62
vertex 74 -317 62
endloop
endfacet
facet normal 0 0 1
outer loop
vertex 64 -301 62
vertex 74 -317 62
vertex 77 -304 62
endloop
endfacet
facet normal -0.98 0.22 0
outer loop
vertex 64 -301 0
vertex 61 -314 0
vertex 61 -314 62
endloop
endfacet
facet normal -0.98 0.22 0
outer loop
vertex 64 -301 0
vertex 61 -314 62
vertex 64 -301 62
endloop
endfacet
facet normal -0.22 -0.98 0
outer loop
vertex 61 -314 0
vertex 74 -317 0
vertex 74 -317 62
endloop
endfacet
facet normal -0.22 -0.98 0
outer loop
vertex 61 -314 0
vertex 74 -317 62
vertex 61 -314 62
endloop
endfacet
facet normal 0.98 -0.22 0
outer loop
vertex 74 -317 0
vertex 77 -304 0
vertex 77 -304 62
endloop
endfacet
facet normal 0.98 -0.22 0
outer loop
vertex 74 -317 0
vertex 77 -304 62
vertex 74 -317 62
endloop
endfacet
facet normal 0.22 0.98 0
outer loop
vertex 77 -304 0
vertex 64 -301 0
vertex 64 -301 62
endloop
endfacet
facet normal 0.22 0.98 0
outer loop
vertex 77 -304 0
vertex 64 -301 62
vertex 77 -304 62
endloop
endfacet
facet normal 0 0 1
outer loop
vertex -61 305 27
vertex -59 316 27
vertex -70 319 27
endloop
endfacet
facet normal 0 0 1
outer loop
vertex -61 305 27
vertex -70 319 27
vertex -73 307 27
endloop
endfacet
facet normal 0.98 -0.21 0
outer loop
vertex -61 305 0
vertex -59 316 0
vertex -59 316 27
endloop
endfacet
facet normal 0.98 -0.21 0
outer loop
vertex -61 305 0
vertex -59 316 27
vertex -61 305 27
endloop
endfacet
facet normal 0.21 0.98 0
outer loop
vertex -59 316 0
vertex -70 319 0
vertex -70 319 27
endloop
endfacet
facet normal 0.21 0.98 0
outer loop
vertex -59 316 0
vertex -70 319 27
vertex -59 316 27
endloop
endfacet
facet normal -0.98 0.21 0
outer loop
vertex -70 319 0
vertex -73 307 0
vertex -73 307 27
endloop
endfacet
facet normal -0.98 0.21 0
outer loop
vertex -70 319 0
vertex -73 307 27
vertex -70 319 27
endloop
endfacet
facet normal -0.21 -0.98 0
outer loop
vertex -73 307 0
vertex -61 305 0
vertex -61 305 27
endloop
endfacet
facet normal -0.21 -0.98 0
outer loop
vertex -73 307 0
vertex -61 305 27
vertex -73 307 27
endloop
endfacet
facet normal 0 0 1
outer loop
vertex 56 -306 80
vertex 54 -320 80
vertex 68 -323 80
endloop
endfacet
facet normal 0 0 1
outer loop
vertex 56 -306 80
vertex 68 -323 80
vertex 70 -309 80
endloop
endfacet
facet normal -0.98 0.19 0
outer loop
vertex 56 -306 0
vertex 54 -320 0
vertex 54 -320 80
endloop
endfacet
facet normal -0.98 0.19 0
outer loop
vertex 56 -306 0
vertex 54 -320 80
vertex 56 -306 80
endloop
endfacet
facet normal -0.19 -0.98 0
outer loop
vertex 54 -320 0
vertex 68 -323 0
vertex 68 -323 80
endloop
endfacet
facet normal -0.19 -0.98 0
outer loop
vertex 54 -320 0
vertex 68 -323 80
vertex 54 -320 80
endloop
endfacet
facet normal 0.98 -0.19 0
outer loop
vertex 68 -323 0
vertex 70 -309 0
vertex 70 -309 80
endloop
endfacet
facet normal 0.98 -0.19 0
outer loop
vertex 68 -323 0
vertex 70 -309 80
vertex 68 -323 80
endloop
endfacet
facet normal 0.19 0.98 0
outer loop
vertex 70 -309 0
vertex 56 -306 0
vertex 56 -306 80
endloop
endfacet
facet normal 0.19 0.98 0
outer loop
vertex 70 -309 0
vertex 56 -306 80
vertex 70 -309 80
endloop
endfacet
facet normal 0 0 1
outer loop
vertex -52 308 110
vertex -49 323 110
vertex -64 326 110
endloop
endfacet
facet normal 0 0 1
outer loop
vertex -52 308 110
vertex -64 326 110
vertex -67 311 110
endloop
endfacet
facet normal 0.98 -0.18 0
outer loop
vertex -52 308 0
vertex -49 323 0
vertex -49 323 110
endloop
endfacet
facet normal 0.98 -0.18 0
outer loop
vertex -52 308 0
vertex -49 323 110
vertex -52 308 110
endloop
endfacet
facet normal 0.18 0.98 0
outer loop
vertex -49 323 0
vertex -64 326 0
vertex -64 326 110
endloop
endfacet
facet normal 0.18 0.98 0
outer loop
vertex -49 323 0
vertex -64 326 110
vertex -49 323 110
endloop
endfacet
facet normal -0.98 0.18 0
outer loop
vertex -64 326 0
vertex -67 311 0
vertex -67 311 110
endloop
endfacet
facet normal -0.98 0.18 0
outer loop
vertex -64 326 0
vertex -67 311 110
vertex -64 326 110
endloop
endfacet
facet normal -0.18 -0.98 0
outer loop
vertex -67 311 0
vertex -52 308 0
vertex -52 308 110
endloop
endfacet
facet normal -0.18 -0.98 0
outer loop
vertex -67 311 0
vertex -52 308 110
vertex -67 311 110
endloop
endfacet
facet normal 0 0 1
outer loop
vertex 48 -310 130
vertex 45 -326 130
vertex 61 -329 130
endloop
endfacet
facet normal 0 0 1
outer loop
vertex 48 -310 130
vertex 61 -329 130
vertex 64 -313 130
endloop
endfacet
facet normal -0.99 0.17 0
outer loop
vertex 48 -310 0
vertex 45 -326 0
vertex 45 -326 130
endloop
endfacet
facet normal -0.99 0.17 0
outer loop
vertex 48 -310 0
vertex 45 -326 130
vertex 48 -310 130
endloop
endfacet
facet normal -0.17 -0.99 0
outer loop
vertex 45 -326 0
vertex 61 -329 0
vertex 61 -329 130
endloop
endfacet
facet normal -0.17 -0.99 0
outer loop
vertex 45 -326 0
vertex 61 -329 130
vertex 45 -326 130
endloop
endfacet
facet normal 0.99 -0.17 0
outer loop
vertex 61 -329 0
vertex 64 -313 0
vertex 64 -313 130
endloop
endfacet
facet normal 0.99 -0.17 0
outer loop
vertex 61 -329 0
vertex 64 -313 130
vertex 61 -329 130
endloop
endfacet
facet normal 0.17 0.99 0
outer loop
vertex 64 -313 0
vertex 48 -310 0
vertex 48 -310 130
endloop
endfacet
facet normal 0.17 0.99 0
outer loop
vertex 64 -313 0
vertex 48 -310 130
vertex 64 -313 130
endloop
endfacet
facet normal 0 0 1
outer loop
vertex -45 314 67
vertex -43 327 67
vertex -56 329 67
endloop
endfacet
facet normal 0 0 1
outer loop
vertex -45 314 67
vertex -56 329 67
vertex -59 316 67
endloop
endfacet
facet normal 0.99 -0.16 0
outer loop
vertex -45 314 0
vertex -43 327 0
vertex -43 327 67
endloop
endfacet
facet normal 0.99 -0.16 0
outer loop
vertex -45 314 0
vertex -43 327 67
vertex -45 314 67
endloop
endfacet
facet normal 0.16 0.99 0
outer loop
vertex -43 327 0
vertex -56 329 0
vertex -56 329 67
endloop
endfacet
facet normal 0.16 0.99 0
outer loop
vertex -43 327 0
vertex -56 329 67
vertex -43 327 67
endloop
endfacet
facet normal -0.99 0.16 0
outer loop
vertex -56 329 0
vertex -59 316 0
vertex -59 316 67
endloop
endfacet
facet normal -0.99 0.16 0
outer loop
vertex -56 329 0
vertex -59 316 67
vertex -56 329 67
endloop
endfacet
facet normal -0.16 -0.99 0
outer loop
vertex -59 316 0
vertex -45 314 0
vertex -45 314 67
endloop
endfacet
facet normal -0.16 -0.99 0
outer loop
vertex -59 316 0
vertex -45 314 67
vertex -59 316 67
endloop
endfacet
facet normal 0 0 1
outer loop
vertex 34 -321 54
vertex 32 -334 54
vertex 45 -336 54
endloop
endfacet
facet normal 0 0 1
outer loop
vertex 34 -321 54
vertex 45 -336 54
vertex 46 -323 54
endloop
endfacet
facet normal -0.99 0.12 0
outer loop
vertex 34 -321 0
vertex 32 -334 0
vertex 32 -334 54
endloop
endfacet
facet normal -0.99 0.12 0
outer loop
vertex 34 -321 0
vertex 32 -334 54
vertex 34 -321 54
endloop
endfacet
facet normal -0.12 -0.99 0
outer loop
vertex 32 -334 0
vertex 45 -336 0
vertex 45 -336 54
endloop
endfacet
facet normal -0.12 -0.99 0
outer loop
vertex 32 -334 0
vertex 45 -336 54
vertex 32 -334 54
endloop
endfacet
facet normal 0.99 -0.12 0
outer loop
vertex 45 -336 0
vertex 46 -323 0
vertex 46 -323 54
endloop
endfacet
facet normal 0.99 -0.12 0
outer loop
vertex 45 -336 0
vertex 46 -323 54
vertex 45 -336 54
endloop
endfacet
facet normal 0.12 0.99 0
outer loop
vertex 46 -323 0
vertex 34 -321 0
vertex 34 -321 54
endloop
endfacet
facet normal 0.12 0.99 0
outer loop
vertex 46 -323 0
vertex 34 -321 54
vertex 46 -323 54
endloop
endfacet
facet normal 0 0 1
outer loop
vertex -21 328 43
vertex -20 341 43
vertex -33 342 43
endloop
endfacet
facet normal 0 0 1
outer loop
vertex -21 328 43
vertex -33 342 43
vertex -34 329 43
endloop
endfacet
facet normal 1 -0.08 0
outer loop
vertex -21 328 0
vertex -20 341 0
vertex -20 341 43
endloop
endfacet
facet normal 1 -0.08 0
outer loop
vertex -21 328 0
vertex -20 341 43
vertex -21 328 43
endloop
endfacet
facet normal 0.08 1 0
outer loop
vertex -20 341 0
vertex -33 342 0
vertex -33 342 43
endloop
endfacet
facet normal 0.08 1 0
outer loop
vertex -20 341 0
vertex -33 342 43
vertex -20 341 43
endloop
endfacet
facet normal -1 0.08 0
outer loop
vertex -33 342 0
vertex -34 329 0
vertex -34 329 43
endloop
endfacet
facet normal -1 0.08 0
outer loop
vertex -33 342 0
vertex -34 329 43
vertex -33 342 43
endloop
endfacet
facet normal -0.08 -1 0
outer loop
vertex -34 329 0
vertex -21 328 0
vertex -21 328 43
endloop
endfacet
facet normal -0.08 -1 0
outer loop
vertex -34 329 0
vertex -21 328 43
vertex -34 329 43
endloop
endfacet
facet normal 0 0 1
outer loop
vertex 9 -335 39
vertex 8 -347 39
vertex 21 -348 39
endloop
endfacet
facet normal 0 0 1
outer loop
vertex 9 -335 39
vertex 21 -348 39
vertex 21 -336 39
endloop
endfacet
facet normal -1 0.04 0
outer loop
vertex 9 -335 0
vertex 8 -347 0
vertex 8 -347 39
endloop
endfacet
facet normal -1 0.04 0
outer loop
vertex 9 -335 0
vertex 8 -347 39
vertex 9 -335 39
endloop
endfacet
facet normal -0.04 -1 0
outer loop
vertex 8 -347 0
vertex 21 -348 0
vertex 21 -348 39
endloop
endfacet
facet normal -0.04 -1 0
outer loop
vertex 8 -347 0
vertex 21 -348 39
vertex 8 -347 39
endloop
endfacet
facet normal 1 -0.04 0
outer loop
vertex 21 -348 0
vertex 21 -336 0
vertex 21 -336 39
endloop
endfacet
facet normal 1 -0.04 0
outer loop
vertex 21 -348 0
vertex 21 -336 39
vertex 21 -348 39
endloop
endfacet
facet normal 0.04 1 0
outer loop
vertex 21 -336 0
vertex 9 -335 0
vertex 9 -335 39
endloop
endfacet
facet normal 0.04 1 0
outer loop
vertex 21 -336 0
vertex 9 -335 39
vertex 21 -336 39
endloop
endfacet
facet normal 0 0 1
outer loop
vertex -4 337 47
vertex -4 350 47
vertex -17 350 47
endloop
endfacet
facet normal 0 0 1
outer loop
vertex -4 337 47
vertex -17 350 47
vertex -17 337 47
endloop
endfacet
facet normal 1 -0.03 0
outer loop
vertex -4 337 0
vertex -4 350 0
vertex -4 350 47
endloop
endfacet
facet normal 1 -0.03 0
outer loop
vertex -4 337 0
vertex -4 350 47
vertex -4 337 47
endloop
endfacet
facet normal 0.03 1 0
outer loop
vertex -4 350 0
vertex -17 350 0
vertex -17 350 47
endloop
endfacet
facet normal 0.03 1 0
outer loop
vertex -4 350 0
vertex -17 350 47
vertex -4 350 47
endloop
endfacet
facet normal -1 0.03 0
outer loop
vertex -17 350 0
vertex -17 337 0
vertex -17 337 47
endloop
endfacet
facet normal -1 0.03 0
outer loop
vertex -17 350 0
vertex -17 337 47
vertex -17 350 47
endloop
endfacet
facet normal -0.03 -1 0
outer loop
vertex -17 337 0
vertex -4 337 0
vertex -4 337 47
endloop
endfacet
facet normal -0.03 -1 0
outer loop
vertex -17 337 0
vertex -4 337 47
vertex -17 337 47
endloop
endfacet
facet normal 0 0 1
outer loop
vertex 0 -339 27
vertex 0 -351 27
vertex 12 -352 27
endloop
endfacet
facet normal 0 0 1
outer loop
vertex 0 -339 27
vertex 12 -352 27
vertex 12 -340 27
endloop
endfacet
facet normal -1 0.02 0
outer loop
vertex 0 -339 0
vertex 0 -351 0
vertex 0 -351 27
endloop
endfacet
facet normal -1 0.02 0
outer loop
vertex 0 -339 0
vertex 0 -351 27
vertex 0 -339 27
endloop
endfacet
facet normal -0.02 -1 0
outer loop
vertex 0 -351 0
vertex 12 -352 0
vertex 12 -352 27
endloop
endfacet
facet normal -0.02 -1 0
outer loop
vertex 0 -351 0
vertex 12 -352 27
vertex 0 -351 27
endloop
endfacet
facet normal 1 -0.02 0
outer loop
vertex 12 -352 0
vertex 12 -340 0
vertex 12 -340 27
endloop
endfacet
facet normal 1 -0.02 0
outer loop
vertex 12 -352 0
vertex 12 -340 27
vertex 12 -352 27
endloop
endfacet
facet normal 0.02 1 0
outer loop
vertex 12 -340 0
vertex 0 -339 0
vertex 0 -339 27
endloop
endfacet
facet normal 0.02 1 0
outer loop
vertex 12 -340 0
vertex 0 -339 27
vertex 12 -340 27
endloop
endfacet
facet normal 0 0 1
outer loop
vertex 55 356 197
vertex 52 374 197
vertex 34 372 197
endloop
endfacet
facet normal 0 0 1
outer loop
vertex 55 356 197
vertex 34 372 197
vertex 36 353 197
endloop
endfacet
facet normal 0.99 0.12 0
outer loop
vertex 55 356 0
vertex 52 374 0
vertex 52 374 197
endloop
endfacet
facet normal 0.99 0.12 0
outer loop
vertex 55 356 0
vertex 52 374 197
vertex 55 356 197
endloop
endfacet
facet normal -0.12 0.99 0
outer loop
vertex 52 374 0
vertex 34 372 0
vertex 34 372 197
endloop
endfacet
facet normal -0.12 0.99 0
outer loop
vertex 52 374 0
vertex 34 372 197
vertex 52 374 197
endloop
endfacet
facet normal -0.99 -0.12 0
outer loop
vertex 34 372 0
vertex 36 353 0
vertex 36 353 197
endloop
endfacet
facet normal -0.99 -0.12 0
outer loop
vertex 34 372 0
vertex 36 353 197
vertex 34 372 197
endloop
endfacet
facet normal 0.12 -0.99 0
outer loop
vertex 36 353 0
vertex 55 356 0
vertex 55 356 197
endloop
endfacet
facet normal 0.12 -0.99 0
outer loop
vertex 36 353 0
vertex 55 356 197
vertex 36 353 197
endloop
endfacet
facet normal 0 0 1
outer loop
vertex -61 -356 260
vertex -58 -377 260
vertex -37 -374 260
endloop
endfacet
facet normal 0 0 1
outer loop
vertex -61 -356 260
vertex -37 -374 260
vertex -40 -353 260
endloop
endfacet
facet normal -0.99 -0.13 0
outer loop
vertex -61 -356 0
vertex -58 -377 0
vertex -58 -377 260
endloop
endfacet
facet normal -0.99 -0.13 0
outer loop
vertex -61 -356 0
vertex -58 -377 260
vertex -61 -356 260
endloop
endfacet
facet normal 0.13 -0.99 0
outer loop
vertex -58 -377 0
vertex -37 -374 0
vertex -37 -374 260
endloop
endfacet
facet normal 0.13 -0.99 0
outer loop
vertex -58 -377 0
vertex -37 -374 260
vertex -58 -377 260
endloop
endfacet
facet normal 0.99 0.13 0
outer loop
vertex -37 -374 0
vertex -40 -353 0
vertex -40 -353 260
endloop
endfacet
facet normal 0.99 0.13 0
outer loop
vertex -37 -374 0
vertex -40 -353 260
vertex -37 -374 260
endloop
endfacet
facet normal -0.13 0.99 0
outer loop
vertex -40 -353 0
vertex -61 -356 0
vertex -61 -356 260
endloop
endfacet
facet normal -0.13 0.99 0
outer loop
vertex -40 -353 0
vertex -61 -356 260
vertex -40 -353 260
endloop
endfacet
facet normal 0 0 1
outer loop
vertex 61 361 39
vertex 59 374 39
vertex 47 372 39
endloop
endfacet
facet normal 0 0 1
outer loop
vertex 61 361 39
vertex 47 372 39
vertex 49 359 39
endloop
endfacet
facet normal 0.99 0.15 0
outer loop
vertex 61 361 0
vertex 59 374 0
vertex 59 374 39
endloop
endfacet
facet normal 0.99 0.15 0
outer loop
vertex 61 361 0
vertex 59 374 39
vertex 61 361 39
endloop
endfacet
facet normal -0.15 0.99 0
outer loop
vertex 59 374 0
vertex 47 372 0
vertex 47 372 39
endloop
endfacet
facet normal -0.15 0.99 0
outer loop
vertex 59 374 0
vertex 47 372 39
vertex 59 374 39
endloop
endfacet
facet normal -0.99 -0.15 0
outer loop
vertex 47 372 0
vertex 49 359 0
vertex 49 359 39
endloop
endfacet
facet normal -0.99 -0.15 0
outer loop
vertex 47 372 0
vertex 49 359 39
vertex 47 372 39
endloop
endfacet
facet normal 0.15 -0.99 0
outer loop
vertex 49 359 0
vertex 61 361 0
vertex 61 361 39
endloop
endfacet
facet normal 0.15 -0.99 0
outer loop
vertex 49 359 0
vertex 61 361 39
vertex 49 359 39
endloop
endfacet
facet normal 0 0 1
outer loop
vertex 75 361 204
vertex 72 380 204
vertex 53 377 204
endloop
endfacet
facet normal 0 0 1
outer loop
vertex 75 361 204
vertex 53 377 204
vertex 56 358 204
endloop
endfacet
facet normal 0.99 0.17 0
outer loop
vertex 75 361 0
vertex 72 380 0
vertex 72 380 204
endloop
endfacet
facet normal 0.99 0.17 0
outer loop
vertex 75 361 0
vertex 72 380 204
vertex 75 361 204
endloop
endfacet
facet normal -0.17 0.99 0
outer loop
vertex 72 380 0
vertex 53 377 0
vertex 53 377 204
endloop
endfacet
facet normal -0.17 0.99 0
outer loop
vertex 72 380 0
vertex 53 377 204
vertex 72 380 204
endloop
endfacet
facet normal -0.99 -0.17 0
outer loop
vertex 53 377 0
vertex 56 358 0
vertex 56 358 204
endloop
endfacet
facet normal -0.99 -0.17 0
outer loop
vertex 53 377 0
vertex 56 358 204
vertex 53 377 204
endloop
endfacet
facet normal 0.17 -0.99 0
outer loop
vertex 56 358 0
vertex 75 361 0
vertex 75 361 204
endloop
endfacet
facet normal 0.17 -0.99 0
outer loop
vertex 56 358 0
vertex 75 361 204
vertex 56 358 204
endloop
endfacet
facet normal 0 0 1
outer loop
vertex -80 -363 180
vertex -76 -381 180
vertex -59 -377 180
endloop
endfacet
facet normal 0 0 1
outer loop
vertex -80 -363 180
vertex -59 -377 180
vertex -62 -360 180
endloop
endfacet
facet normal -0.98 -0.18 0
outer loop
vertex -80 -363 0
vertex -76 -381 0
vertex -76 -381 180
endloop
endfacet
facet normal -0.98 -0.18 0
outer loop
vertex -80 -363 0
vertex -76 -381 180
vertex -80 -363 180
endloop
endfacet
facet normal 0.18 -0.98 0
outer loop
vertex -76 -381 0
vertex -59 -377 0
vertex -59 -377 180
endloop
endfacet
facet normal 0.18 -0.98 0
outer loop
vertex -76 -381 0
vertex -59 -377 180
vertex -76 -381 180
endloop
endfacet
facet normal 0.98 0.18 0
outer loop
vertex -59 -377 0
vertex -62 -360 0
vertex -62 -360 180
endloop
endfacet
facet normal 0.98 0.18 0
outer loop
vertex -59 -377 0
vertex -62 -360 180
vertex -59 -377 180
endloop
endfacet
facet normal -0.18 0.98 0
outer loop
vertex -62 -360 0
vertex -80 -363 0
vertex -80 -363 180
endloop
endfacet
facet normal -0.18 0.98 0
outer loop
vertex -62 -360 0
vertex -80 -363 180
vertex -62 -360 180
endloop
endfacet
facet normal 0 0 1
outer loop
vertex 83 365 99
vertex 80 380 99
vertex 65 377 99
endloop
endfacet
facet normal 0 0 1
outer loop
vertex 83 365 99
vertex 65 377 99
vertex 68 363 99
endloop
endfacet
facet normal 0.98 0.2 0
outer loop
vertex 83 365 0
vertex 80 380 0
vertex 80 380 99
endloop
endfacet
facet normal 0.98 0.2 0
outer loop
vertex 83 365 0
vertex 80 380 99
vertex 83 365 99
endloop
endfacet
facet normal -0.2 0.98 0
outer loop
vertex 80 380 0
vertex 65 377 0
vertex 65 377 99
endloop
endfacet
facet normal -0.2 0.98 0
outer loop
vertex 80 380 0
vertex 65 377 99
vertex 80 380 99
endloop
endfacet
facet normal -0.98 -0.2 0
outer loop
vertex 65 377 0
vertex 68 363 0
vertex 68 363 99
endloop
endfacet
facet normal -0.98 -0.2 0
outer loop
vertex 65 377 0
vertex 68 363 99
vertex 65 377 99
endloop
endfacet
facet normal 0.2 -0.98 0
outer loop
vertex 68 363 0
vertex 83 365 0
vertex 83 365 99
endloop
endfacet
facet normal 0.2 -0.98 0
outer loop
vertex 68 363 0
vertex 83 365 99
vertex 68 363 99
endloop
endfacet
facet normal 0 0 1
outer loop
vertex -87 -367 72
vertex -85 -380 72
vertex -71 -378 72
endloop
endfacet
facet normal 0 0 1
outer loop
vertex -87 -367 72
vertex -71 -378 72
vertex -74 -364 72
endloop
endfacet
facet normal -0.98 -0.21 0
outer loop
vertex -87 -367 0
vertex -85 -380 0
vertex -85 -380 72
endloop
endfacet
facet normal -0.98 -0.21 0
outer loop
vertex -87 -367 0
vertex -85 -380 72
vertex -87 -367 72
endloop
endfacet
facet normal 0.21 -0.98 0
outer loop
vertex -85 -380 0
vertex -71 -378 0
vertex -71 -378 72
endloop
endfacet
facet normal 0.21 -0.98 0
outer loop
vertex -85 -380 0
vertex -71 -378 72
vertex -85 -380 72
endloop
endfacet
facet normal 0.98 0.21 0
outer loop
vertex -71 -378 0
vertex -74 -364 0
vertex -74 -364 72
endloop
endfacet
facet normal 0.98 0.21 0
outer loop
vertex -71 -378 0
vertex -74 -364 72
vertex -71 -378 72
endloop
endfacet
facet normal -0.21 0.98 0
outer loop
vertex -74 -364 0
vertex -87 -367 0
vertex -87 -367 72
endloop
endfacet
facet normal -0.21 0.98 0
outer loop
vertex -74 -364 0
vertex -87 -367 72
vertex -74 -364 72
endloop
endfacet
facet normal 0 0 1
outer loop
vertex 93 368 76
vertex 90 382 76
vertex 76 379 76
endloop
endfacet
facet normal 0 0 1
outer loop
vertex 93 368 76
vertex 76 379 76
vertex 79 365 76
endloop
endfacet
facet normal 0.98 0.22 0
outer loop
vertex 93 368 0
vertex 90 382 0
vertex 90 382 76
endloop
endfacet
facet normal 0.98 0.22 0
outer loop
vertex 93 368 0
vertex 90 382 76
vertex 93 368 76
endloop
endfacet
facet normal -0.22 0.98 0
outer loop
vertex 90 382 0
vertex 76 379 0
vertex 76 379 76
endloop
endfacet
facet normal -0.22 0.98 0
outer loop
vertex 90 382 0
vertex 76 379 76
vertex 90 382 76
endloop
endfacet
facet normal -0.98 -0.22 0
outer loop
vertex 76 379 0
vertex 79 365 0
vertex 79 365 76
endloop
endfacet
facet normal -0.98 -0.22 0
outer loop
vertex 76 379 0
vertex 79 365 76
vertex 76 379 76
endloop
endfacet
facet normal 0.22 -0.98 0
outer loop
vertex 79 365 0
vertex 93 368 0
vertex 93 368 76
endloop
endfacet
facet normal 0.22 -0.98 0
outer loop
vertex 79 365 0
vertex 93 368 76
vertex 79 365 76
endloop
endfacet
facet normal 0 0 1
outer loop
vertex -98 -369 60
vertex -94 -382 60
vertex -82 -379 60
endloop
endfacet
facet normal 0 0 1
outer loop
vertex -98 -369 60
vertex -82 -379 60
vertex -85 -366 60
endloop
endfacet
facet normal -0.97 -0.23 0
outer loop
vertex -98 -369 0
vertex -94 -382 0
vertex -94 -382 60
endloop
endfacet
facet normal -0.97 -0.23 0
outer loop
vertex -98 -369 0
vertex -94 -382 60
vertex -98 -369 60
endloop
endfacet
facet normal 0.23 -0.97 0
outer loop
vertex -94 -382 0
vertex -82 -379 0
vertex -82 -379 60
endloop
endfacet
facet normal 0.23 -0.97 0
outer loop
vertex -94 -382 0
vertex -82 -379 60
vertex -94 -382 60
endloop
endfacet
facet normal 0.97 0.23 0
outer loop
vertex -82 -379 0
vertex -85 -366 0
vertex -85 -366 60
endloop
endfacet
facet normal 0.97 0.23 0
outer loop
vertex -82 -379 0
vertex -85 -366 60
vertex -82 -379 60
endloop
endfacet
facet normal -0.23 0.97 0
outer loop
vertex -85 -366 0
vertex -98 -369 0
vertex -98 -369 60
endloop
endfacet
facet normal -0.23 0.97 0
outer loop
vertex -85 -366 0
vertex -98 -369 60
vertex -85 -366 60
endloop
endfacet
facet normal 0 0 1
outer loop
vertex 102 371 33
vertex 99 382 33
vertex 87 379 33
endloop
endfacet
facet normal 0 0 1
outer loop
vertex 102 371 33
vertex 87 379 33
vertex 90 368 33
endloop
endfacet
facet normal 0.97 0.25 0
outer loop
vertex 102 371 0
vertex 99 382 0
vertex 99 382 33
endloop
endfacet
facet normal 0.97 0.25 0
outer loop
vertex 102 371 0
vertex 99 382 33
vertex 102 371 33
endloop
endfacet
facet normal -0.25 0.97 0
outer loop
vertex 99 382 0
vertex 87 379 0
vertex 87 379 33
endloop
endfacet
facet normal -0.25 0.97 0
outer loop
vertex 99 382 0
vertex 87 379 33
vertex 99 382 33
endloop
endfacet
facet normal -0.97 -0.25 0
outer loop
vertex 87 379 0
vertex 90 368 0
vertex 90 368 33
endloop
endfacet
facet normal -0.97 -0.25 0
outer loop
vertex 87 379 0
vertex 90 368 33
vertex 87 379 33
endloop
endfacet
facet normal 0.25 -0.97 0
outer loop
vertex 90 368 0
vertex 102 371 0
vertex 102 371 33
endloop
endfacet
facet normal 0.25 -0.97 0
outer loop
vertex 90 368 0
vertex 102 371 33
vertex 90 368 33
endloop
endfacet
facet normal 0 0 1
outer loop
vertex -109 -371 101
vertex -105 -385 101
vertex -91 -381 101
endloop
endfacet
facet normal 0 0 1
outer loop
vertex -109 -371 101
vertex -91 -381 101
vertex -95 -367 101
endloop
endfacet
facet normal -0.97 -0.26 0
outer loop
vertex -109 -371 0
vertex -105 -385 0
vertex -105 -385 101
endloop
endfacet
facet normal -0.97 -0.26 0
outer loop
vertex -109 -371 0
vertex -105 -385 101
vertex -109 -371 101
endloop
endfacet
facet normal 0.26 -0.97 0
outer loop
vertex -105 -385 0
vertex -91 -381 0
vertex -91 -381 101
endloop
endfacet
facet normal 0.26 -0.97 0
outer loop
vertex -105 -385 0
vertex -91 -381 101
vertex -105 -385 101
endloop
endfacet
facet normal 0.97 0.26 0
outer loop
vertex -91 -381 0
vertex -95 -367 0
vertex -95 -367 101
endloop
endfacet
facet normal 0.97 0.26 0
outer loop
vertex -91 -381 0
vertex -95 -367 101
vertex -91 -381 101
endloop
endfacet
facet normal -0.26 0.97 0
outer loop
vertex -95 -367 0
vertex -109 -371 0
vertex -109 -371 101
endloop
endfacet
facet normal -0.26 0.97 0
outer loop
vertex -95 -367 0
vertex -109 -371 101
vertex -95 -367 101
endloop
endfacet
facet normal 0 0 1
outer loop
vertex 114 371 98
vertex 110 386 98
vertex 96 382 98
endloop
endfacet
facet normal 0 0 1
outer loop
vertex 114 371 98
vertex 96 382 98
vertex 100 367 98
endloop
endfacet
facet normal 0.96 0.27 0
outer loop
vertex 114 371 0
vertex 110 386 0
vertex 110 386 98
endloop
endfacet
facet normal 0.96 0.27 0
outer loop
vertex 114 371 0
vertex 110 386 98
vertex 114 371 98
endloop
endfacet
facet normal -0.27 0.96 0
outer loop
vertex 110 386 0
vertex 96 382 0
vertex 96 382 98
endloop
endfacet
facet normal -0.27 0.96 0
outer loop
vertex 110 386 0
vertex 96 382 98
vertex 110 386 98
endloop
endfacet
facet normal -0.96 -0.27 0
outer loop
vertex 96 382 0
vertex 100 367 0
vertex 100 367 98
endloop
endfacet
facet normal -0.96 -0.27 0
outer loop
vertex 96 382 0
vertex 100 367 98
vertex 96 382 98
endloop
endfacet
facet normal 0.27 -0.96 0
outer loop
vertex 100 367 0
vertex 114 371 0
vertex 114 371 98
endloop
endfacet
facet normal 0.27 -0.96 0
outer loop
vertex 100 367 0
vertex 114 371 98
vertex 100 367 98
endloop
endfacet
facet normal 0 0 1
outer loop
vertex 124 374 47
vertex 120 386 47
vertex 108 382 47
endloop
endfacet
facet normal 0 0 1
outer loop
vertex 124 374 47
vertex 108 382 47
vertex 112 370 47
endloop
endfacet
facet normal 0.96 0.29 0
outer loop
vertex 124 374 0
vertex 120 386 0
vertex 120 386 47
endloop
endfacet
facet normal 0.96 0.29 0
outer loop
vertex 124 374 0
vertex 120 386 47
vertex 124 374 47
endloop
endfacet
facet normal -0.29 0.96 0
outer loop
vertex 120 386 0
vertex 108 382 0
vertex 108 382 47
endloop
endfacet
facet normal -0.29 0.96 0
outer loop
vertex 120 386 0
vertex 108 382 47
vertex 120 386 47
endloop
endfacet
facet normal -0.96 -0.29 0
outer loop
vertex 108 382 0
vertex 112 370 0
vertex 112 370 47
endloop
endfacet
facet normal -0.96 -0.29 0
outer loop
vertex 108 382 0
vertex 112 370 47
vertex 108 382 47
endloop
endfacet
facet normal 0.29 -0.96 0
outer loop
vertex 112 370 0
vertex 124 374 0
vertex 124 374 47
endloop
endfacet
facet normal 0.29 -0.96 0
outer loop
vertex 112 370 0
vertex 124 374 47
vertex 112 370 47
endloop
endfacet
facet normal 0 0 1
outer loop
vertex -131 -373 107
vertex -126 -388 107
vertex -112 -383 107
endloop
endfacet
facet normal 0 0 1
outer loop
vertex -131 -373 107
vertex -112 -383 107
vertex -117 -369 107
endloop
endfacet
facet normal -0.95 -0.31 0
outer loop
vertex -131 -373 0
vertex -126 -388 0
vertex -126 -388 107
endloop
endfacet
facet normal -0.95 -0.31 0
outer loop
vertex -131 -373 0
vertex -126 -388 107
vertex -131 -373 107
endloop
endfacet
facet normal 0.31 -0.95 0
outer loop
vertex -126 -388 0
vertex -112 -383 0
vertex -112 -383 107
endloop
endfacet
facet normal 0.31 -0.95 0
outer loop
vertex -126 -388 0
vertex -112 -383 107
vertex -126 -388 107
endloop
endfacet
facet normal 0.95 0.31 0
outer loop
vertex -112 -383 0
vertex -117 -369 0
vertex -117 -369 107
endloop
endfacet
facet normal 0.95 0.31 0
outer loop
vertex -112 -383 0
vertex -117 -369 107
vertex -112 -383 107
endloop
endfacet
facet normal -0.31 0.95 0
outer loop
vertex -117 -369 0
vertex -131 -373 0
vertex -131 -373 107
endloop
endfacet
facet normal -0.31 0.95 0
outer loop
vertex -117 -369 0
vertex -131 -373 107
vertex -117 -369 107
endloop
endfacet
facet normal 0 0 1
outer loop
vertex -163 -377 27
vertex -158 -388 27
vertex -147 -383 27
endloop
endfacet
facet normal 0 0 1
outer loop
vertex -163 -377 27
vertex -147 -383 27
vertex -151 -372 27
endloop
endfacet
facet normal -0.93 -0.38 0
outer loop
vertex -163 -377 0
vertex -158 -388 0
vertex -158 -388 27
endloop
endfacet
facet normal -0.93 -0.38 0
outer loop
vertex -163 -377 0
vertex -158 -388 27
vertex -163 -377 27
endloop
endfacet
facet normal 0.38 -0.93 0
outer loop
vertex -158 -388 0
vertex -147 -383 0
vertex -147 -383 27
endloop
endfacet
facet normal 0.38 -0.93 0
outer loop
vertex -158 -388 0
vertex -147 -383 27
vertex -158 -388 27
endloop
endfacet
facet normal 0.93 0.38 0
outer loop
vertex -147 -383 0
vertex -151 -372 0
vertex -151 -372 27
endloop
endfacet
facet normal 0.93 0.38 0
outer loop
vertex -147 -383 0
vertex -151 -372 27
vertex -147 -383 27
endloop
endfacet
facet normal -0.38 0.93 0
outer loop
vertex -151 -372 0
vertex -163 -377 0
vertex -163 -377 27
endloop
endfacet
facet normal -0.38 0.93 0
outer loop
vertex -151 -372 0
vertex -163 -377 27
vertex -151 -372 27
endloop
endfacet
facet normal 0 0 1
outer loop
vertex -185 -377 27
vertex -180 -388 27
vertex -170 -383 27
endloop
endfacet
facet normal 0 0 1
outer loop
vertex -185 -377 27
vertex -170 -383 27
vertex -175 -372 27
endloop
endfacet
facet normal -0.91 -0.42 0
outer loop
vertex -185 -377 0
vertex -180 -388 0
vertex -180 -388 27
endloop
endfacet
facet normal -0.91 -0.42 0
outer loop
vertex -185 -377 0
vertex -180 -388 27
vertex -185 -377 27
endloop
endfacet
facet normal 0.42 -0.91 0
outer loop
vertex -180 -388 0
vertex -170 -383 0
vertex -170 -383 27
endloop
endfacet
facet normal 0.42 -0.91 0
outer loop
vertex -180 -388 0
vertex -170 -383 27
vertex -180 -388 27
endloop
endfacet
facet normal 0.91 0.42 0
outer loop
vertex -170 -383 0
vertex -175 -372 0
vertex -175 -372 27
endloop
endfacet
facet normal 0.91 0.42 0
outer loop
vertex -170 -383 0
vertex -175 -372 27
vertex -170 -383 27
endloop
endfacet
facet normal -0.42 0.91 0
outer loop
vertex -175 -372 0
vertex -185 -377 0
vertex -185 -377 27
endloop
endfacet
facet normal -0.42 0.91 0
outer loop
vertex -175 -372 0
vertex -185 -377 27
vertex -175 -372 27
endloop
endfacet
facet normal 0 0 1
outer loop
vertex 192 377 43
vertex 186 388 43
vertex 175 383 43
endloop
endfacet
facet normal 0 0 1
outer loop
vertex 192 377 43
vertex 175 383 43
vertex 180 371 43
endloop
endfacet
facet normal 0.9 0.43 0
outer loop
vertex 192 377 0
vertex 186 388 0
vertex 186 388 43
endloop
endfacet
facet normal 0.9 0.43 0
outer loop
vertex 192 377 0
vertex 186 388 43
vertex 192 377 43
endloop
endfacet
facet normal -0.43 0.9 0
outer loop
vertex 186 388 0
vertex 175 383 0
vertex 175 383 43
endloop
endfacet
facet normal -0.43 0.9 0
outer loop
vertex 186 388 0
vertex 175 383 43
vertex 186 388 43
endloop
endfacet
facet normal -0.9 -0.43 0
outer loop
vertex 175 383 0
vertex 180 371 0
vertex 180 371 43
endloop
endfacet
facet normal -0.9 -0.43 0
outer loop
vertex 175 383 0
vertex 180 371 43
vertex 175 383 43
endloop
endfacet
facet normal 0.43 -0.9 0
outer loop
vertex 180 371 0
vertex 192 377 0
vertex 192 377 43
endloop
endfacet
facet normal 0.43 -0.9 0
outer loop
vertex 180 371 0
vertex 192 377 43
vertex 180 371 43
endloop
endfacet
facet normal 0 0 1
outer loop
vertex -197 -377 27
vertex -192 -387 27
vertex -181 -382 27
endloop
endfacet
facet normal 0 0 1
outer loop
vertex -197 -377 27
vertex -181 -382 27
vertex -186 -371 27
endloop
endfacet
facet normal -0.9 -0.45 0
outer loop
vertex -197 -377 0
vertex -192 -387 0
vertex -192 -387 27
endloop
endfacet
facet normal -0.9 -0.45 0
outer loop
vertex -197 -377 0
vertex -192 -387 27
vertex -197 -377 27
endloop
endfacet
facet normal 0.45 -0.9 0
outer loop
vertex -192 -387 0
vertex -181 -382 0
vertex -181 -382 27
endloop
endfacet
facet normal 0.45 -0.9 0
outer loop
vertex -192 -387 0
vertex -181 -382 27
vertex -192 -387 27
endloop
endfacet
facet normal 0.9 0.45 0
outer loop
vertex -181 -382 0
vertex -186 -371 0
vertex -186 -371 27
endloop
endfacet
facet normal 0.9 0.45 0
outer loop
vertex -181 -382 0
vertex -186 -371 27
vertex -181 -382 27
endloop
endfacet
facet normal -0.45 0.9 0
outer loop
vertex -186 -371 0
vertex -197 -377 0
vertex -197 -377 27
endloop
endfacet
facet normal -0.45 0.9 0
outer loop
vertex -186 -371 0
vertex -197 -377 27
vertex -186 -371 27
endloop
endfacet
facet normal 0 0 1
outer loop
vertex 203 376 27
vertex 197 387 27
vertex 187 382 27
endloop
endfacet
facet normal 0 0 1
outer loop
vertex 203 376 27
vertex 187 382 27
vertex 192 371 27
endloop
endfacet
facet normal 0.89 0.46 0
outer loop
vertex 203 376 0
vertex 197 387 0
vertex 197 387 27
endloop
endfacet
facet normal 0.89 0.46 0
outer loop
vertex 203 376 0
vertex 197 387 27
vertex 203 376 27
endloop
endfacet
facet normal -0.46 0.89 0
outer loop
vertex 197 387 0
vertex 187 382 0
vertex 187 382 27
endloop
endfacet
facet normal -0.46 0.89 0
outer loop
vertex 197 387 0
vertex 187 382 27
vertex 197 387 27
endloop
endfacet
facet normal -0.89 -0.46 0
outer loop
vertex 187 382 0
vertex 192 371 0
vertex 192 371 27
endloop
endfacet
facet normal -0.89 -0.46 0
outer loop
vertex 187 382 0
vertex 192 371 27
vertex 187 382 27
endloop
endfacet
facet normal 0.46 -0.89 0
outer loop
vertex 192 371 0
vertex 203 376 0
vertex 203 376 27
endloop
endfacet
facet normal 0.46 -0.89 0
outer loop
vertex 192 371 0
vertex 203 376 27
vertex 192 371 27
endloop
endfacet
facet normal 0 0 1
outer loop
vertex -210 -376 82
vertex -204 -388 82
vertex -191 -381 82
endloop
endfacet
facet normal 0 0 1
outer loop
vertex -210 -376 82
vertex -191 -381 82
vertex -198 -369 82
endloop
endfacet
facet normal -0.88 -0.47 0
outer loop
vertex -210 -376 0
vertex -204 -388 0
vertex -204 -388 82
endloop
endfacet
facet normal -0.88 -0.47 0
outer loop
vertex -210 -376 0
vertex -204 -388 82
vertex -210 -376 82
endloop
endfacet
facet normal 0.47 -0.88 0
outer loop
vertex -204 -388 0
vertex -191 -381 0
vertex -191 -381 82
endloop
endfacet
facet normal 0.47 -0.88 0
outer loop
vertex -204 -388 0
vertex -191 -381 82
vertex -204 -388 82
endloop
endfacet
facet normal 0.88 0.47 0
outer loop
vertex -191 -381 0
vertex -198 -369 0
vertex -198 -369 82
endloop
endfacet
facet normal 0.88 0.47 0
outer loop
vertex -191 -381 0
vertex -198 -369 82
vertex -191 -381 82
endloop
endfacet
facet normal -0.47 0.88 0
outer loop
vertex -198 -369 0
vertex -210 -376 0
vertex -210 -376 82
endloop
endfacet
facet normal -0.47 0.88 0
outer loop
vertex -198 -369 0
vertex -210 -376 82
vertex -198 -369 82
endloop
endfacet
facet normal 0 0 1
outer loop
vertex 215 376 33
vertex 209 386 33
vertex 198 380 33
endloop
endfacet
facet normal 0 0 1
outer loop
vertex 215 376 33
vertex 198 380 33
vertex 204 370 33
endloop
endfacet
facet normal 0.88 0.48 0
outer loop
vertex 215 376 0
vertex 209 386 0
vertex 209 386 33
endloop
endfacet
facet normal 0.88 0.48 0
outer loop
vertex 215 376 0
vertex 209 386 33
vertex 215 376 33
endloop
endfacet
facet normal -0.48 0.88 0
outer loop
vertex 209 386 0
vertex 198 380 0
vertex 198 380 33
endloop
endfacet
facet normal -0.48 0.88 0
outer loop
vertex 209 386 0
vertex 198 380 33
vertex 209 386 33
endloop
endfacet
facet normal -0.88 -0.48 0
outer loop
vertex 198 380 0
vertex 204 370 0
vertex 204 370 33
endloop
endfacet
facet normal -0.88 -0.48 0
outer loop
vertex 198 380 0
vertex 204 370 33
vertex 198 380 33
endloop
endfacet
facet normal 0.48 -0.88 0
outer loop
vertex 204 370 0
vertex 215 376 0
vertex 215 376 33
endloop
endfacet
facet normal 0.48 -0.88 0
outer loop
vertex 204 370 0
vertex 215 376 33
vertex 204 370 33
endloop
endfacet
facet normal 0 0 1
outer loop
vertex 227 374 54
vertex 221 386 54
vertex 210 379 54
endloop
endfacet
facet normal 0 0 1
outer loop
vertex 227 374 54
vertex 210 379 54
vertex 216 368 54
endloop
endfacet
facet normal 0.87 0.5 0
outer loop
vertex 227 374 0
vertex 221 386 0
vertex 221 386 54
endloop
endfacet
facet normal 0.87 0.5 0
outer loop
vertex 227 374 0
vertex 221 386 54
vertex 227 374 54
endloop
endfacet
facet normal -0.5 0.87 0
outer loop
vertex 221 386 0
vertex 210 379 0
vertex 210 379 54
endloop
endfacet
facet normal -0.5 0.87 0
outer loop
vertex 221 386 0
vertex 210 379 54
vertex 221 386 54
endloop
endfacet
facet normal -0.87 -0.5 0
outer loop
vertex 210 379 0
vertex 216 368 0
vertex 216 368 54
endloop
endfacet
facet normal -0.87 -0.5 0
outer loop
vertex 210 379 0
vertex 216 368 54
vertex 210 379 54
endloop
endfacet
facet normal 0.5 -0.87 0
outer loop
vertex 216 368 0
vertex 227 374 0
vertex 227 374 54
endloop
endfacet
facet normal 0.5 -0.87 0
outer loop
vertex 216 368 0
vertex 227 374 54
vertex 216 368 54
endloop
endfacet
facet normal 0 0 1
outer loop
vertex -235 -373 111
vertex -227 -386 111
vertex -214 -379 111
endloop
endfacet
facet normal 0 0 1
outer loop
vertex -235 -373 111
vertex -214 -379 111
vertex -222 -365 111
endloop
endfacet
facet normal -0.86 -0.51 0
outer loop
vertex -235 -373 0
vertex -227 -386 0
vertex -227 -386 111
endloop
endfacet
facet normal -0.86 -0.51 0
outer loop
vertex -235 -373 0
vertex -227 -386 111
vertex -235 -373 111
endloop
endfacet
facet normal 0.51 -0.86 0
outer loop
vertex -227 -386 0
vertex -214 -379 0
vertex -214 -379 111
endloop
endfacet
facet normal 0.51 -0.86 0
outer loop
vertex -227 -386 0
vertex -214 -379 111
vertex -227 -386 111
endloop
endfacet
facet normal 0.86 0.51 0
outer loop
vertex -214 -379 0
vertex -222 -365 0
vertex -222 -365 111
endloop
endfacet
facet normal 0.86 0.51 0
outer loop
vertex -214 -379 0
vertex -222 -365 111
vertex -214 -379 111
endloop
endfacet
facet normal -0.51 0.86 0
outer loop
vertex -222 -365 0
vertex -235 -373 0
vertex -235 -373 111
endloop
endfacet
facet normal -0.51 0.86 0
outer loop
vertex -222 -365 0
vertex -235 -373 111
vertex -222 -365 111
endloop
endfacet
facet normal 0 0 1
outer loop
vertex 240 373 70
vertex 233 384 70
vertex 221 377 70
endloop
endfacet
facet normal 0 0 1
outer loop
vertex 240 373 70
vertex 221 377 70
vertex 228 366 70
endloop
endfacet
facet normal 0.85 0.52 0
outer loop
vertex 240 373 0
vertex 233 384 0
vertex 233 384 70
endloop
endfacet
facet normal 0.85 0.52 0
outer loop
vertex 240 373 0
vertex 233 384 70
vertex 240 373 70
endloop
endfacet
facet normal -0.52 0.85 0
outer loop
vertex 233 384 0
vertex 221 377 0
vertex 221 377 70
endloop
endfacet
facet normal -0.52 0.85 0
outer loop
vertex 233 384 0
vertex 221 377 70
vertex 233 384 70
endloop
endfacet
facet normal -0.85 -0.52 0
outer loop
vertex 221 377 0
vertex 228 366 0
vertex 228 366 70
endloop
endfacet
facet normal -0.85 -0.52 0
outer loop
vertex 221 377 0
vertex 228 366 70
vertex 221 377 70
endloop
endfacet
facet normal 0.52 -0.85 0
outer loop
vertex 228 366 0
vertex 240 373 0
vertex 240 373 70
endloop
endfacet
facet normal 0.52 -0.85 0
outer loop
vertex 228 366 0
vertex 240 373 70
vertex 228 366 70
endloop
endfacet
facet normal 0 0 1
outer loop
vertex -248 -371 165
vertex -239 -386 165
vertex -224 -377 165
endloop
endfacet
facet normal 0 0 1
outer loop
vertex -248 -371 165
vertex -224 -377 165
vertex -234 -362 165
endloop
endfacet
facet normal -0.85 -0.53 0
outer loop
vertex -248 -371 0
vertex -239 -386 0
vertex -239 -386 165
endloop
endfacet
facet normal -0.85 -0.53 0
outer loop
vertex -248 -371 0
vertex -239 -386 165
vertex -248 -371 165
endloop
endfacet
facet normal 0.53 -0.85 0
outer loop
vertex -239 -386 0
vertex -224 -377 0
vertex -224 -377 165
endloop
endfacet
facet normal 0.53 -0.85 0
outer loop
vertex -239 -386 0
vertex -224 -377 165
vertex -239 -386 165
endloop
endfacet
facet normal 0.85 0.53 0
outer loop
vertex -224 -377 0
vertex -234 -362 0
vertex -234 -362 165
endloop
endfacet
facet normal 0.85 0.53 0
outer loop
vertex -224 -377 0
vertex -234 -362 165
vertex -224 -377 165
endloop
endfacet
facet normal -0.53 0.85 0
outer loop
vertex -234 -362 0
vertex -248 -371 0
vertex -248 -371 165
endloop
endfacet
facet normal -0.53 0.85 0
outer loop
vertex -234 -362 0
vertex -248 -371 165
vertex -234 -362 165
endloop
endfacet
facet normal 0 0 1
outer loop
vertex 252 371 84
vertex 244 383 84
vertex 232 375 84
endloop
endfacet
facet normal 0 0 1
outer loop
vertex 252 371 84
vertex 232 375 84
vertex 240 363 84
endloop
endfacet
facet normal 0.84 0.54 0
outer loop
vertex 252 371 0
vertex 244 383 0
vertex 244 383 84
endloop
endfacet
facet normal 0.84 0.54 0
outer loop
vertex 252 371 0
vertex 244 383 84
vertex 252 371 84
endloop
endfacet
facet normal -0.54 0.84 0
outer loop
vertex 244 383 0
vertex 232 375 0
vertex 232 375 84
endloop
endfacet
facet normal -0.54 0.84 0
outer loop
vertex 244 383 0
vertex 232 375 84
vertex 244 383 84
endloop
endfacet
facet normal -0.84 -0.54 0
outer loop
vertex 232 375 0
vertex 240 363 0
vertex 240 363 84
endloop
endfacet
facet normal -0.84 -0.54 0
outer loop
vertex 232 375 0
vertex 240 363 84
vertex 232 375 84
endloop
endfacet
facet normal 0.54 -0.84 0
outer loop
vertex 240 363 0
vertex 252 371 0
vertex 252 371 84
endloop
endfacet
facet normal 0.54 -0.84 0
outer loop
vertex 240 363 0
vertex 252 371 84
vertex 240 363 84
endloop
endfacet
facet normal 0 0 1
outer loop
vertex -270 -368 60
vertex -262 -379 60
vertex -251 -371 60
endloop
endfacet
facet normal 0 0 1
outer loop
vertex -270 -368 60
vertex -251 -371 60
vertex -259 -360 60
endloop
endfacet
facet normal -0.82 -0.58 0
outer loop
vertex -270 -368 0
vertex -262 -379 0
vertex -262 -379 60
endloop
endfacet
facet normal -0.82 -0.58 0
outer loop
vertex -270 -368 0
vertex -262 -379 60
vertex -270 -368 60
endloop
endfacet
facet normal 0.58 -0.82 0
outer loop
vertex -262 -379 0
vertex -251 -371 0
vertex -251 -371 60
endloop
endfacet
facet normal 0.58 -0.82 0
outer loop
vertex -262 -379 0
vertex -251 -371 60
vertex -262 -379 60
endloop
endfacet
facet normal 0.82 0.58 0
outer loop
vertex -251 -371 0
vertex -259 -360 0
vertex -259 -360 60
endloop
endfacet
facet normal 0.82 0.58 0
outer loop
vertex -251 -371 0
vertex -259 -360 60
vertex -251 -371 60
endloop
endfacet
facet normal -0.58 0.82 0
outer loop
vertex -259 -360 0
vertex -270 -368 0
vertex -270 -368 60
endloop
endfacet
facet normal -0.58 0.82 0
outer loop
vertex -259 -360 0
vertex -270 -368 60
vertex -259 -360 60
endloop
endfacet
facet normal 0 0 1
outer loop
vertex 278 366 132
vertex 268 379 132
vertex 255 370 132
endloop
endfacet
facet normal 0 0 1
outer loop
vertex 278 366 132
vertex 255 370 132
vertex 265 357 132
endloop
endfacet
facet normal 0.81 0.59 0
outer loop
vertex 278 366 0
vertex 268 379 0
vertex 268 379 132
endloop
endfacet
facet normal 0.81 0.59 0
outer loop
vertex 278 366 0
vertex 268 379 132
vertex 278 366 132
endloop
endfacet
facet normal -0.59 0.81 0
outer loop
vertex 268 379 0
vertex 255 370 0
vertex 255 370 132
endloop
endfacet
facet normal -0.59 0.81 0
outer loop
vertex 268 379 0
vertex 255 370 132
vertex 268 379 132
endloop
endfacet
facet normal -0.81 -0.59 0
outer loop
vertex 255 370 0
vertex 265 357 0
vertex 265 357 132
endloop
endfacet
facet normal -0.81 -0.59 0
outer loop
vertex 255 370 0
vertex 265 357 132
vertex 255 370 132
endloop
endfacet
facet normal 0.59 -0.81 0
outer loop
vertex 265 357 0
vertex 278 366 0
vertex 278 366 132
endloop
endfacet
facet normal 0.59 -0.81 0
outer loop
vertex 265 357 0
vertex 278 366 132
vertex 265 357 132
endloop
endfacet
facet normal 0 0 1
outer loop
vertex -284 -365 148
vertex -274 -379 148
vertex -261 -368 148
endloop
endfacet
facet normal 0 0 1
outer loop
vertex -284 -365 148
vertex -261 -368 148
vertex -271 -355 148
endloop
endfacet
facet normal -0.8 -0.6 0
outer loop
vertex -284 -365 0
vertex -274 -379 0
vertex -274 -379 148
endloop
endfacet
facet normal -0.8 -0.6 0
outer loop
vertex -284 -365 0
vertex -274 -379 148
vertex -284 -365 148
endloop
endfacet
facet normal 0.6 -0.8 0
outer loop
vertex -274 -379 0
vertex -261 -368 0
vertex -261 -368 148
endloop
endfacet
facet normal 0.6 -0.8 0
outer loop
vertex -274 -379 0
vertex -261 -368 148
vertex -274 -379 148
endloop
endfacet
facet normal 0.8 0.6 0
outer loop
vertex -261 -368 0
vertex -271 -355 0
vertex -271 -355 148
endloop
endfacet
facet normal 0.8 0.6 0
outer loop
vertex -261 -368 0
vertex -271 -355 148
vertex -261 -368 148
endloop
endfacet
facet normal -0.6 0.8 0
outer loop
vertex -271 -355 0
vertex -284 -365 0
vertex -284 -365 148
endloop
endfacet
facet normal -0.6 0.8 0
outer loop
vertex -271 -355 0
vertex -284 -365 148
vertex -271 -355 148
endloop
endfacet
facet normal 0 0 1
outer loop
vertex -306 -359 57
vertex -298 -369 57
vertex -288 -361 57
endloop
endfacet
facet normal 0 0 1
outer loop
vertex -306 -359 57
vertex -288 -361 57
vertex -296 -351 57
endloop
endfacet
facet normal -0.77 -0.64 0
outer loop
vertex -306 -359 0
vertex -298 -369 0
vertex -298 -369 57
endloop
endfacet
facet normal -0.77 -0.64 0
outer loop
vertex -306 -359 0
vertex -298 -369 57
vertex -306 -359 57
endloop
endfacet
facet normal 0.64 -0.77 0
outer loop
vertex -298 -369 0
vertex -288 -361 0
vertex -288 -361 57
endloop
endfacet
facet normal 0.64 -0.77 0
outer loop
vertex -298 -369 0
vertex -288 -361 57
vertex -298 -369 57
endloop
endfacet
facet normal 0.77 0.64 0
outer loop
vertex -288 -361 0
vertex -296 -351 0
vertex -296 -351 57
endloop
endfacet
facet normal 0.77 0.64 0
outer loop
vertex -288 -361 0
vertex -296 -351 57
vertex -288 -361 57
endloop
endfacet
facet normal -0.64 0.77 0
outer loop
vertex -296 -351 0
vertex -306 -359 0
vertex -306 -359 57
endloop
endfacet
facet normal -0.64 0.77 0
outer loop
vertex -296 -351 0
vertex -306 -359 57
vertex -296 -351 57
endloop
endfacet
facet normal 0 0 1
outer loop
vertex 315 357 156
vertex 304 370 156
vertex 291 359 156
endloop
endfacet
facet normal 0 0 1
outer loop
vertex 315 357 156
vertex 291 359 156
vertex 302 346 156
endloop
endfacet
facet normal 0.76 0.65 0
outer loop
vertex 315 357 0
vertex 304 370 0
vertex 304 370 156
endloop
endfacet
facet normal 0.76 0.65 0
outer loop
vertex 315 357 0
vertex 304 370 156
vertex 315 357 156
endloop
endfacet
facet normal -0.65 0.76 0
outer loop
vertex 304 370 0
vertex 291 359 0
vertex 291 359 156
endloop
endfacet
facet normal -0.65 0.76 0
outer loop
vertex 304 370 0
vertex 291 359 156
vertex 304 370 156
endloop
endfacet
facet normal -0.76 -0.65 0
outer loop
vertex 291 359 0
vertex 302 346 0
vertex 302 346 156
endloop
endfacet
facet normal -0.76 -0.65 0
outer loop
vertex 291 359 0
vertex 302 346 156
vertex 291 359 156
endloop
endfacet
facet normal 0.65 -0.76 0
outer loop
vertex 302 346 0
vertex 315 357 0
vertex 315 357 156
endloop
endfacet
facet normal 0.65 -0.76 0
outer loop
vertex 302 346 0
vertex 315 357 156
vertex 302 346 156
endloop
endfacet
facet normal 0 0 1
outer loop
vertex -318 -356 33
vertex -310 -365 33
vertex -301 -357 33
endloop
endfacet
facet normal 0 0 1
outer loop
vertex -318 -356 33
vertex -301 -357 33
vertex -309 -348 33
endloop
endfacet
facet normal -0.76 -0.66 0
outer loop
vertex -318 -356 0
vertex -310 -365 0
vertex -310 -365 33
endloop
endfacet
facet normal -0.76 -0.66 0
outer loop
vertex -318 -356 0
vertex -310 -365 33
vertex -318 -356 33
endloop
endfacet
facet normal 0.66 -0.76 0
outer loop
vertex -310 -365 0
vertex -301 -357 0
vertex -301 -357 33
endloop
endfacet
facet normal 0.66 -0.76 0
outer loop
vertex -310 -365 0
vertex -301 -357 33
vertex -310 -365 33
endloop
endfacet
facet normal 0.76 0.66 0
outer loop
vertex -301 -357 0
vertex -309 -348 0
vertex -309 -348 33
endloop
endfacet
facet normal 0.76 0.66 0
outer loop
vertex -301 -357 0
vertex -309 -348 33
vertex -301 -357 33
endloop
endfacet
facet normal -0.66 0.76 0
outer loop
vertex -309 -348 0
vertex -318 -356 0
vertex -318 -356 33
endloop
endfacet
facet normal -0.66 0.76 0
outer loop
vertex -309 -348 0
vertex -318 -356 33
vertex -309 -348 33
endloop
endfacet
facet normal 0 0 1
outer loop
vertex 327 354 125
vertex 316 366 125
vertex 304 355 125
endloop
endfacet
facet normal 0 0 1
outer loop
vertex 327 354 125
vertex 304 355 125
vertex 315 343 125
endloop
endfacet
facet normal 0.75 0.67 0
outer loop
vertex 327 354 0
vertex 316 366 0
vertex 316 366 125
endloop
endfacet
facet normal 0.75 0.67 0
outer loop
vertex 327 354 0
vertex 316 366 125
vertex 327 354 125
endloop
endfacet
facet normal -0.67 0.75 0
outer loop
vertex 316 366 0
vertex 304 355 0
vertex 304 355 125
endloop
endfacet
facet normal -0.67 0.75 0
outer loop
vertex 316 366 0
vertex 304 355 125
vertex 316 366 125
endloop
endfacet
facet normal -0.75 -0.67 0
outer loop
vertex 304 355 0
vertex 315 343 0
vertex 315 343 125
endloop
endfacet
facet normal -0.75 -0.67 0
outer loop
vertex 304 355 0
vertex 315 343 125
vertex 304 355 125
endloop
endfacet
facet normal 0.67 -0.75 0
outer loop
vertex 315 343 0
vertex 327 354 0
vertex 327 354 125
endloop
endfacet
facet normal 0.67 -0.75 0
outer loop
vertex 315 343 0
vertex 327 354 125
vertex 315 343 125
endloop
endfacet
facet normal 0 0 1
outer loop
vertex -332 -352 82
vertex -322 -362 82
vertex -312 -353 82
endloop
endfacet
facet normal 0 0 1
outer loop
vertex -332 -352 82
vertex -312 -353 82
vertex -321 -342 82
endloop
endfacet
facet normal -0.74 -0.67 0
outer loop
vertex -332 -352 0
vertex -322 -362 0
vertex -322 -362 82
endloop
endfacet
facet normal -0.74 -0.67 0
outer loop
vertex -332 -352 0
vertex -322 -362 82
vertex -332 -352 82
endloop
endfacet
facet normal 0.67 -0.74 0
outer loop
vertex -322 -362 0
vertex -312 -353 0
vertex -312 -353 82
endloop
endfacet
facet normal 0.67 -0.74 0
outer loop
vertex -322 -362 0
vertex -312 -353 82
vertex -322 -362 82
endloop
endfacet
facet normal 0.74 0.67 0
outer loop
vertex -312 -353 0
vertex -321 -342 0
vertex -321 -342 82
endloop
endfacet
facet normal 0.74 0.67 0
outer loop
vertex -312 -353 0
vertex -321 -342 82
vertex -312 -353 82
endloop
endfacet
facet normal -0.67 0.74 0
outer loop
vertex -321 -342 0
vertex -332 -352 0
vertex -332 -352 82
endloop
endfacet
facet normal -0.67 0.74 0
outer loop
vertex -321 -342 0
vertex -332 -352 82
vertex -321 -342 82
endloop
endfacet
facet normal 0 0 1
outer loop
vertex 337 350 43
vertex 328 359 43
vertex 319 350 43
endloop
endfacet
facet normal 0 0 1
outer loop
vertex 337 350 43
vertex 319 350 43
vertex 328 341 43
endloop
endfacet
facet normal 0.73 0.68 0
outer loop
vertex 337 350 0
vertex 328 359 0
vertex 328 359 43
endloop
endfacet
facet normal 0.73 0.68 0
outer loop
vertex 337 350 0
vertex 328 359 43
vertex 337 350 43
endloop
endfacet
facet normal -0.68 0.73 0
outer loop
vertex 328 359 0
vertex 319 350 0
vertex 319 350 43
endloop
endfacet
facet normal -0.68 0.73 0
outer loop
vertex 328 359 0
vertex 319 350 43
vertex 328 359 43
endloop
endfacet
facet normal -0.73 -0.68 0
outer loop
vertex 319 350 0
vertex 328 341 0
vertex 328 341 43
endloop
endfacet
facet normal -0.73 -0.68 0
outer loop
vertex 319 350 0
vertex 328 341 43
vertex 319 350 43
endloop
endfacet
facet normal 0.68 -0.73 0
outer loop
vertex 328 341 0
vertex 337 350 0
vertex 337 350 43
endloop
endfacet
facet normal 0.68 -0.73 0
outer loop
vertex 328 341 0
vertex 337 350 43
vertex 328 341 43
endloop
endfacet
facet normal 0 0 1
outer loop
vertex -343 -348 27
vertex -334 -356 27
vertex -326 -348 27
endloop
endfacet
facet normal 0 0 1
outer loop
vertex -343 -348 27
vertex -326 -348 27
vertex -334 -339 27
endloop
endfacet
facet normal -0.72 -0.69 0
outer loop
vertex -343 -348 0
vertex -334 -356 0
vertex -334 -356 27
endloop
endfacet
facet normal -0.72 -0.69 0
outer loop
vertex -343 -348 0
vertex -334 -356 27
vertex -343 -348 27
endloop
endfacet
facet normal 0.69 -0.72 0
outer loop
vertex -334 -356 0
vertex -326 -348 0
vertex -326 -348 27
endloop
endfacet
facet normal 0.69 -0.72 0
outer loop
vertex -334 -356 0
vertex -326 -348 27
vertex -334 -356 27
endloop
endfacet
facet normal 0.72 0.69 0
outer loop
vertex -326 -348 0
vertex -334 -339 0
vertex -334 -339 27
endloop
endfacet
facet normal 0.72 0.69 0
outer loop
vertex -326 -348 0
vertex -334 -339 27
vertex -326 -348 27
endloop
endfacet
facet normal -0.69 0.72 0
outer loop
vertex -334 -339 0
vertex -343 -348 0
vertex -343 -348 27
endloop
endfacet
facet normal -0.69 0.72 0
outer loop
vertex -334 -339 0
vertex -343 -348 27
vertex -334 -339 27
endloop
endfacet
facet normal 0 0 1
outer loop
vertex -355 -343 39
vertex -347 -352 39
vertex -338 -343 39
endloop
endfacet
facet normal 0 0 1
outer loop
vertex -355 -343 39
vertex -338 -343 39
vertex -347 -334 39
endloop
endfacet
facet normal -0.7 -0.71 0
outer loop
vertex -355 -343 0
vertex -347 -352 0
vertex -347 -352 39
endloop
endfacet
facet normal -0.7 -0.71 0
outer loop
vertex -355 -343 0
vertex -347 -352 39
vertex -355 -343 39
endloop
endfacet
facet normal 0.71 -0.7 0
outer loop
vertex -347 -352 0
vertex -338 -343 0
vertex -338 -343 39
endloop
endfacet
facet normal 0.71 -0.7 0
outer loop
vertex -347 -352 0
vertex -338 -343 39
vertex -347 -352 39
endloop
endfacet
facet normal 0.7 0.71 0
outer loop
vertex -338 -343 0
vertex -347 -334 0
vertex -347 -334 39
endloop
endfacet
facet normal 0.7 0.71 0
outer loop
vertex -338 -343 0
vertex -347 -334 39
vertex -338 -343 39
endloop
endfacet
facet normal -0.71 0.7 0
outer loop
vertex -347 -334 0
vertex -355 -343 0
vertex -355 -343 39
endloop
endfacet
facet normal -0.71 0.7 0
outer loop
vertex -347 -334 0
vertex -355 -343 39
vertex -347 -334 39
endloop
endfacet
facet normal 0 0 1
outer loop
vertex -368 -338 39
vertex -359 -346 39
vertex -350 -337 39
endloop
endfacet
facet normal 0 0 1
outer loop
vertex -368 -338 39
vertex -350 -337 39
vertex -359 -329 39
endloop
endfacet
facet normal -0.69 -0.73 0
outer loop
vertex -368 -338 0
vertex -359 -346 0
vertex -359 -346 39
endloop
endfacet
facet normal -0.69 -0.73 0
outer loop
vertex -368 -338 0
vertex -359 -346 39
vertex -368 -338 39
endloop
endfacet
facet normal 0.73 -0.69 0
outer loop
vertex -359 -346 0
vertex -350 -337 0
vertex -350 -337 39
endloop
endfacet
facet normal 0.73 -0.69 0
outer loop
vertex -359 -346 0
vertex -350 -337 39
vertex -359 -346 39
endloop
endfacet
facet normal 0.69 0.73 0
outer loop
vertex -350 -337 0
vertex -359 -329 0
vertex -359 -329 39
endloop
endfacet
facet normal 0.69 0.73 0
outer loop
vertex -350 -337 0
vertex -359 -329 39
vertex -350 -337 39
endloop
endfacet
facet normal -0.73 0.69 0
outer loop
vertex -359 -329 0
vertex -368 -338 0
vertex -368 -338 39
endloop
endfacet
facet normal -0.73 0.69 0
outer loop
vertex -359 -329 0
vertex -368 -338 39
vertex -359 -329 39
endloop
endfacet
facet normal 0 0 1
outer loop
vertex -380 -332 27
vertex -371 -340 27
vertex -363 -331 27
endloop
endfacet
facet normal 0 0 1
outer loop
vertex -380 -332 27
vertex -363 -331 27
vertex -372 -323 27
endloop
endfacet
facet normal -0.67 -0.75 0
outer loop
vertex -380 -332 0
vertex -371 -340 0
vertex -371 -340 27
endloop
endfacet
facet normal -0.67 -0.75 0
outer loop
vertex -380 -332 0
vertex -371 -340 27
vertex -380 -332 27
endloop
endfacet
facet normal 0.75 -0.67 0
outer loop
vertex -371 -340 0
vertex -363 -331 0
vertex -363 -331 27
endloop
endfacet
facet normal 0.75 -0.67 0
outer loop
vertex -371 -340 0
vertex -363 -331 27
vertex -371 -340 27
endloop
endfacet
facet normal 0.67 0.75 0
outer loop
vertex -363 -331 0
vertex -372 -323 0
vertex -372 -323 27
endloop
endfacet
facet normal 0.67 0.75 0
outer loop
vertex -363 -331 0
vertex -372 -323 27
vertex -363 -331 27
endloop
endfacet
facet normal -0.75 0.67 0
outer loop
vertex -372 -323 0
vertex -380 -332 0
vertex -380 -332 27
endloop
endfacet
facet normal -0.75 0.67 0
outer loop
vertex -372 -323 0
vertex -380 -332 27
vertex -372 -323 27
endloop
endfacet
facet normal 0 0 1
outer loop
vertex 401 324 108
vertex 389 333 108
vertex 379 322 108
endloop
endfacet
facet normal 0 0 1
outer loop
vertex 401 324 108
vertex 379 322 108
vertex 391 312 108
endloop
endfacet
facet normal 0.64 0.77 0
outer loop
vertex 401 324 0
vertex 389 333 0
vertex 389 333 108
endloop
endfacet
facet normal 0.64 0.77 0
outer loop
vertex 401 324 0
vertex 389 333 108
vertex 401 324 108
endloop
endfacet
facet normal -0.77 0.64 0
outer loop
vertex 389 333 0
vertex 379 322 0
vertex 379 322 108
endloop
endfacet
facet normal -0.77 0.64 0
outer loop
vertex 389 333 0
vertex 379 322 108
vertex 389 333 108
endloop
endfacet
facet normal -0.64 -0.77 0
outer loop
vertex 379 322 0
vertex 391 312 0
vertex 391 312 108
endloop
endfacet
facet normal -0.64 -0.77 0
outer loop
vertex 379 322 0
vertex 391 312 108
vertex 379 322 108
endloop
endfacet
facet normal 0.77 -0.64 0
outer loop
vertex 391 312 0
vertex 401 324 0
vertex 401 324 108
endloop
endfacet
facet normal 0.77 -0.64 0
outer loop
vertex 391 312 0
vertex 401 324 108
vertex 391 312 108
endloop
endfacet
facet normal 0 0 1
outer loop
vertex -406 -321 76
vertex -395 -329 76
vertex -386 -319 76
endloop
endfacet
facet normal 0 0 1
outer loop
vertex -406 -321 76
vertex -386 -319 76
vertex -397 -310 76
endloop
endfacet
facet normal -0.63 -0.78 0
outer loop
vertex -406 -321 0
vertex -395 -329 0
vertex -395 -329 76
endloop
endfacet
facet normal -0.63 -0.78 0
outer loop
vertex -406 -321 0
vertex -395 -329 76
vertex -406 -321 76
endloop
endfacet
facet normal 0.78 -0.63 0
outer loop
vertex -395 -329 0
vertex -386 -319 0
vertex -386 -319 76
endloop
endfacet
facet normal 0.78 -0.63 0
outer loop
vertex -395 -329 0
vertex -386 -319 76
vertex -395 -329 76
endloop
endfacet
facet normal 0.63 0.78 0
outer loop
vertex -386 -319 0
vertex -397 -310 0
vertex -397 -310 76
endloop
endfacet
facet normal 0.63 0.78 0
outer loop
vertex -386 -319 0
vertex -397 -310 76
vertex -386 -319 76
endloop
endfacet
facet normal -0.78 0.63 0
outer loop
vertex -397 -310 0
vertex -406 -321 0
vertex -406 -321 76
endloop
endfacet
facet normal -0.78 0.63 0
outer loop
vertex -397 -310 0
vertex -406 -321 76
vertex -397 -310 76
endloop
endfacet
facet normal 0 0 1
outer loop
vertex 413 318 128
vertex 401 327 128
vertex 391 315 128
endloop
endfacet
facet normal 0 0 1
outer loop
vertex 413 318 128
vertex 391 315 128
vertex 404 305 128
endloop
endfacet
facet normal 0.62 0.79 0
outer loop
vertex 413 318 0
vertex 401 327 0
vertex 401 327 128
endloop
endfacet
facet normal 0.62 0.79 0
outer loop
vertex 413 318 0
vertex 401 327 128
vertex 413 318 128
endloop
endfacet
facet normal -0.79 0.62 0
outer loop
vertex 401 327 0
vertex 391 315 0
vertex 391 315 128
endloop
endfacet
facet normal -0.79 0.62 0
outer loop
vertex 401 327 0
vertex 391 315 128
vertex 401 327 128
endloop
endfacet
facet normal -0.62 -0.79 0
outer loop
vertex 391 315 0
vertex 404 305 0
vertex 404 305 128
endloop
endfacet
facet normal -0.62 -0.79 0
outer loop
vertex 391 315 0
vertex 404 305 128
vertex 391 315 128
endloop
endfacet
facet normal 0.79 -0.62 0
outer loop
vertex 404 305 0
vertex 413 318 0
vertex 413 318 128
endloop
endfacet
facet normal 0.79 -0.62 0
outer loop
vertex 404 305 0
vertex 413 318 128
vertex 404 305 128
endloop
endfacet
facet normal 0 0 1
outer loop
vertex -419 -314 102
vertex -407 -323 102
vertex -398 -311 102
endloop
endfacet
facet normal 0 0 1
outer loop
vertex -419 -314 102
vertex -398 -311 102
vertex -410 -302 102
endloop
endfacet
facet normal -0.61 -0.79 0
outer loop
vertex -419 -314 0
vertex -407 -323 0
vertex -407 -323 102
endloop
endfacet
facet normal -0.61 -0.79 0
outer loop
vertex -419 -314 0
vertex -407 -323 102
vertex -419 -314 102
endloop
endfacet
facet normal 0.79 -0.61 0
outer loop
vertex -407 -323 0
vertex -398 -311 0
vertex -398 -311 102
endloop
endfacet
facet normal 0.79 -0.61 0
outer loop
vertex -407 -323 0
vertex -398 -311 102
vertex -407 -323 102
endloop
endfacet
facet normal 0.61 0.79 0
outer loop
vertex -398 -311 0
vertex -410 -302 0
vertex -410 -302 102
endloop
endfacet
facet normal 0.61 0.79 0
outer loop
vertex -398 -311 0
vertex -410 -302 102
vertex -398 -311 102
endloop
endfacet
facet normal -0.79 0.61 0
outer loop
vertex -410 -302 0
vertex -419 -314 0
vertex -419 -314 102
endloop
endfacet
facet normal -0.79 0.61 0
outer loop
vertex -410 -302 0
vertex -419 -314 102
vertex -410 -302 102
endloop
endfacet
facet normal 0 0 1
outer loop
vertex 424 311 67
vertex 413 319 67
vertex 405 308 67
endloop
endfacet
facet normal 0 0 1
outer loop
vertex 424 311 67
vertex 405 308 67
vertex 416 300 67
endloop
endfacet
facet normal 0.6 0.8 0
outer loop
vertex 424 311 0
vertex 413 319 0
vertex 413 319 67
endloop
endfacet
facet normal 0.6 0.8 0
outer loop
vertex 424 311 0
vertex 413 319 67
vertex 424 311 67
endloop
endfacet
facet normal -0.8 0.6 0
outer loop
vertex 413 319 0
vertex 405 308 0
vertex 405 308 67
endloop
endfacet
facet normal -0.8 0.6 0
outer loop
vertex 413 319 0
vertex 405 308 67
vertex 413 319 67
endloop
endfacet
facet normal -0.6 -0.8 0
outer loop
vertex 405 308 0
vertex 416 300 0
vertex 416 300 67
endloop
endfacet
facet normal -0.6 -0.8 0
outer loop
vertex 405 308 0
vertex 416 300 67
vertex 405 308 67
endloop
endfacet
facet normal 0.8 -0.6 0
outer loop
vertex 416 300 0
vertex 424 311 0
vertex 424 311 67
endloop
endfacet
facet normal 0.8 -0.6 0
outer loop
vertex 416 300 0
vertex 424 311 67
vertex 416 300 67
endloop
endfacet
facet normal 0 0 1
outer loop
vertex -430 -307 57
vertex -419 -315 57
vertex -411 -304 57
endloop
endfacet
facet normal 0 0 1
outer loop
vertex -430 -307 57
vertex -411 -304 57
vertex -422 -296 57
endloop
endfacet
facet normal -0.59 -0.81 0
outer loop
vertex -430 -307 0
vertex -419 -315 0
vertex -419 -315 57
endloop
endfacet
facet normal -0.59 -0.81 0
outer loop
vertex -430 -307 0
vertex -419 -315 57
vertex -430 -307 57
endloop
endfacet
facet normal 0.81 -0.59 0
outer loop
vertex -419 -315 0
vertex -411 -304 0
vertex -411 -304 57
endloop
endfacet
facet normal 0.81 -0.59 0
outer loop
vertex -419 -315 0
vertex -411 -304 57
vertex -419 -315 57
endloop
endfacet
facet normal 0.59 0.81 0
outer loop
vertex -411 -304 0
vertex -422 -296 0
vertex -422 -296 57
endloop
endfacet
facet normal 0.59 0.81 0
outer loop
vertex -411 -304 0
vertex -422 -296 57
vertex -411 -304 57
endloop
endfacet
facet normal -0.81 0.59 0
outer loop
vertex -422 -296 0
vertex -430 -307 0
vertex -430 -307 57
endloop
endfacet
facet normal -0.81 0.59 0
outer loop
vertex -422 -296 0
vertex -430 -307 57
vertex -422 -296 57
endloop
endfacet
endsolid scg-commit-galaxy
